1,3,2007066,Art,GCSE,A
1,3,2007180,Art,GCSE,A
1,3,2007065,Art,GCSE,A
1,3,2007021,Art,GCSE,A
1,3,2007154,Art,GCSE,A
1,3,2007100,Art,GCSE,A
1,3,2007052,Art,GCSE,A
1,3,2007040,Art,GCSE,A
1,3,2007037,Art,GCSE,A
1,3,2007191,Art,GCSE,A
1,3,2007158,Art,GCSE,A
1,3,2007084,Art,GCSE,A
1,3,2007066,Biology,GCSE,A
1,3,2007190,Biology,GCSE,A
1,3,2007047,Biology,GCSE,A
1,3,2007004,Biology,GCSE,A
1,3,2007044,Biology,GCSE,A
1,3,2007127,Biology,GCSE,A
1,3,2007219,Biology,GCSE,A
1,3,2007125,Biology,GCSE,A
1,3,2007067,Biology,GCSE,A
1,3,2007071,Biology,GCSE,A
1,3,2007196,Biology,GCSE,A
1,3,2007068,Biology,GCSE,A
1,3,2007021,Biology,GCSE,A
1,3,2007216,Biology,GCSE,A
1,3,2007132,Biology,GCSE,A
1,3,2007146,Biology,GCSE,A
1,3,2007145,Biology,GCSE,A
1,3,2007172,Biology,GCSE,A
1,3,2007040,Biology,GCSE,A
1,3,2007037,Biology,GCSE,A
1,3,2007061,Biology,GCSE,A
1,3,2007208,Biology,GCSE,A
1,3,2007158,Biology,GCSE,A
1,3,2007197,Biology,GCSE,A
1,3,2007188,Biology,GCSE,A
1,3,2007279,Biology,GCSE,A
1,3,2007066,Business Studies,GCSE,A
1,3,2007028,Business Studies,GCSE,A
1,3,2007127,Business Studies,GCSE,A
1,3,2007065,Business Studies,GCSE,A
1,3,2007068,Business Studies,GCSE,A
1,3,2007024,Business Studies,GCSE,A
1,3,2007279,Business Studies,GCSE,A
1,3,2007053,Chemistry,GCSE,A
1,3,2007190,Chemistry,GCSE,A
1,3,2007047,Chemistry,GCSE,A
1,3,2007033,Chemistry,GCSE,A
1,3,2007067,Chemistry,GCSE,A
1,3,2007196,Chemistry,GCSE,A
1,3,2007068,Chemistry,GCSE,A
1,3,2007021,Chemistry,GCSE,A
1,3,2007216,Chemistry,GCSE,A
1,3,2007099,Chemistry,GCSE,A
1,3,2007146,Chemistry,GCSE,A
1,3,2007145,Chemistry,GCSE,A
1,3,2007172,Chemistry,GCSE,A
1,3,2007040,Chemistry,GCSE,A
1,3,2007061,Chemistry,GCSE,A
1,3,2007208,Chemistry,GCSE,A
1,3,2007140,Chemistry,GCSE,A
1,3,2007158,Chemistry,GCSE,A
1,3,2007197,Chemistry,GCSE,A
1,3,2007084,Chemistry,GCSE,A
1,3,2007142,Chemistry,GCSE,A
1,3,2007279,Chemistry,GCSE,A
1,3,2007058,Drama,GCSE,A
1,3,2007279,Drama,GCSE,A
1,3,2007173,English Lang,GCSE,A
1,3,2007053,English Lang,GCSE,A
1,3,2007066,English Lang,GCSE,A
1,3,2007190,English Lang,GCSE,A
1,3,2007039,English Lang,GCSE,A
1,3,2007004,English Lang,GCSE,A
1,3,2007044,English Lang,GCSE,A
1,3,2007127,English Lang,GCSE,A
1,3,2007219,English Lang,GCSE,A
1,3,2007125,English Lang,GCSE,A
1,3,2007033,English Lang,GCSE,A
1,3,2007180,English Lang,GCSE,A
1,3,2007071,English Lang,GCSE,A
1,3,2007192,English Lang,GCSE,A
1,3,2007196,English Lang,GCSE,A
1,3,2007141,English Lang,GCSE,A
1,3,2007068,English Lang,GCSE,A
1,3,2007021,English Lang,GCSE,A
1,3,2007216,English Lang,GCSE,A
1,3,2007154,English Lang,GCSE,A
1,3,2007023,English Lang,GCSE,A
1,3,2007132,English Lang,GCSE,A
1,3,2007062,English Lang,GCSE,A
1,3,2007139,English Lang,GCSE,A
1,3,2007145,English Lang,GCSE,A
1,3,2007040,English Lang,GCSE,A
1,3,2007061,English Lang,GCSE,A
1,3,2007058,English Lang,GCSE,A
1,3,2007208,English Lang,GCSE,A
1,3,2007191,English Lang,GCSE,A
1,3,2007158,English Lang,GCSE,A
1,3,2007188,English Lang,GCSE,A
1,3,2007142,English Lang,GCSE,A
1,3,2007279,English Lang,GCSE,A
1,3,2007164,English Lang,GCSE,A
1,3,2007053,Food,GCSE,A
1,3,2007066,Food,GCSE,A
1,3,2007039,Food,GCSE,A
1,3,2007140,Food,GCSE,A
1,3,2007158,Food,GCSE,A
1,3,2007066,French,GCSE,A
1,3,2007101,French,GCSE,A
1,3,2007053,Geography,GCSE,A
1,3,2007039,Geography,GCSE,A
1,3,2007141,Geography,GCSE,A
1,3,2007216,Geography,GCSE,A
1,3,2007154,Geography,GCSE,A
1,3,2007045,Geography,GCSE,A
1,3,2007024,Geography,GCSE,A
1,3,2007084,Geography,GCSE,A
1,3,2007219,German,GCSE,A
1,3,2007141,German,GCSE,A
1,3,2007021,German,GCSE,A
1,3,2007172,German,GCSE,A
1,3,2007142,German,GCSE,A
1,3,2007004,History,GCSE,A
1,3,2007219,History,GCSE,A
1,3,2007125,History,GCSE,A
1,3,2007180,History,GCSE,A
1,3,2007071,History,GCSE,A
1,3,2007154,History,GCSE,A
1,3,2007101,History,GCSE,A
1,3,2007146,History,GCSE,A
1,3,2007061,History,GCSE,A
1,3,2007208,History,GCSE,A
1,3,2007164,History,GCSE,A
1,3,2007173,ICT GCSE,GCSE,A
1,3,2007053,ICT GCSE,GCSE,A
1,3,2007136,ICT GCSE,GCSE,A
1,3,2007066,ICT GCSE,GCSE,A
1,3,2007039,ICT GCSE,GCSE,A
1,3,2007047,ICT GCSE,GCSE,A
1,3,2007004,ICT GCSE,GCSE,A
1,3,2007125,ICT GCSE,GCSE,A
1,3,2007067,ICT GCSE,GCSE,A
1,3,2007115,ICT GCSE,GCSE,A
1,3,2007196,ICT GCSE,GCSE,A
1,3,2007147,ICT GCSE,GCSE,A
1,3,2007141,ICT GCSE,GCSE,A
1,3,2007068,ICT GCSE,GCSE,A
1,3,2007216,ICT GCSE,GCSE,A
1,3,2007154,ICT GCSE,GCSE,A
1,3,2007101,ICT GCSE,GCSE,A
1,3,2007146,ICT GCSE,GCSE,A
1,3,2007058,ICT GCSE,GCSE,A
1,3,2007208,ICT GCSE,GCSE,A
1,3,2007191,ICT GCSE,GCSE,A
1,3,2007143,ICT GCSE,GCSE,A
1,3,2007158,ICT GCSE,GCSE,A
1,3,2007155,ICT GCSE,GCSE,A
1,3,2007024,ICT GCSE,GCSE,A
1,3,2007188,ICT GCSE,GCSE,A
1,3,2007084,ICT GCSE,GCSE,A
1,3,2007142,ICT GCSE,GCSE,A
1,3,2007190,Maths,GCSE,A
1,3,2007044,Maths,GCSE,A
1,3,2007028,Maths,GCSE,A
1,3,2007127,Maths,GCSE,A
1,3,2007003,Maths,GCSE,A
1,3,2007071,Maths,GCSE,A
1,3,2007196,Maths,GCSE,A
1,3,2007141,Maths,GCSE,A
1,3,2007021,Maths,GCSE,A
1,3,2007216,Maths,GCSE,A
1,3,2007203,Maths,GCSE,A
1,3,2007051,Maths,GCSE,A
1,3,2007100,Maths,GCSE,A
1,3,2007101,Maths,GCSE,A
1,3,2007132,Maths,GCSE,A
1,3,2007146,Maths,GCSE,A
1,3,2007145,Maths,GCSE,A
1,3,2007037,Maths,GCSE,A
1,3,2007208,Maths,GCSE,A
1,3,2007191,Maths,GCSE,A
1,3,2007158,Maths,GCSE,A
1,3,2007045,Maths,GCSE,A
1,3,2007084,Maths,GCSE,A
1,3,2007279,Maths,GCSE,A
1,3,2007047,Music,GCSE,A
1,3,2007127,Music,GCSE,A
1,3,2007033,Music,GCSE,A
1,3,2007115,Music,GCSE,A
1,3,2007216,Music,GCSE,A
1,3,2007101,Music,GCSE,A
1,3,2007062,Music,GCSE,A
1,3,2007040,Music,GCSE,A
1,3,2007155,Music,GCSE,A
1,3,2007066,Physics,GCSE,A
1,3,2007190,Physics,GCSE,A
1,3,2007039,Physics,GCSE,A
1,3,2007047,Physics,GCSE,A
1,3,2007004,Physics,GCSE,A
1,3,2007028,Physics,GCSE,A
1,3,2007127,Physics,GCSE,A
1,3,2007219,Physics,GCSE,A
1,3,2007067,Physics,GCSE,A
1,3,2007071,Physics,GCSE,A
1,3,2007196,Physics,GCSE,A
1,3,2007141,Physics,GCSE,A
1,3,2007068,Physics,GCSE,A
1,3,2007021,Physics,GCSE,A
1,3,2007216,Physics,GCSE,A
1,3,2007154,Physics,GCSE,A
1,3,2007101,Physics,GCSE,A
1,3,2007146,Physics,GCSE,A
1,3,2007145,Physics,GCSE,A
1,3,2007172,Physics,GCSE,A
1,3,2007040,Physics,GCSE,A
1,3,2007208,Physics,GCSE,A
1,3,2007197,Physics,GCSE,A
1,3,2007024,Physics,GCSE,A
1,3,2007084,Physics,GCSE,A
1,3,2007279,Physics,GCSE,A
1,3,2007125,Product Design,GCSE,A
1,3,2007033,Product Design,GCSE,A
1,3,2007021,Product Design,GCSE,A
1,3,2007024,Product Design,GCSE,A
1,3,2007173,Religious Studies,GCSE,A
1,3,2007053,Religious Studies,GCSE,A
1,3,2007066,Religious Studies,GCSE,A
1,3,2007039,Religious Studies,GCSE,A
1,3,2007114,Religious Studies,GCSE,A
1,3,2007183,Religious Studies,GCSE,A
1,3,2007106,Religious Studies,GCSE,A
1,3,2007004,Religious Studies,GCSE,A
1,3,2007044,Religious Studies,GCSE,A
1,3,2007028,Religious Studies,GCSE,A
1,3,2007127,Religious Studies,GCSE,A
1,3,2007219,Religious Studies,GCSE,A
1,3,2007125,Religious Studies,GCSE,A
1,3,2007071,Religious Studies,GCSE,A
1,3,2007068,Religious Studies,GCSE,A
1,3,2007021,Religious Studies,GCSE,A
1,3,2007216,Religious Studies,GCSE,A
1,3,2007154,Religious Studies,GCSE,A
1,3,2007101,Religious Studies,GCSE,A
1,3,2007132,Religious Studies,GCSE,A
1,3,2007146,Religious Studies,GCSE,A
1,3,2007172,Religious Studies,GCSE,A
1,3,2007040,Religious Studies,GCSE,A
1,3,2007061,Religious Studies,GCSE,A
1,3,2007208,Religious Studies,GCSE,A
1,3,2007158,Religious Studies,GCSE,A
1,3,2007024,Religious Studies,GCSE,A
1,3,2007142,Religious Studies,GCSE,A
1,3,2007279,Religious Studies,GCSE,A
1,3,2007118,Religious Studies,GCSE,A
1,3,2007164,Religious Studies,GCSE,A
1,3,2007028,Sports Studies,GCSE,A
1,3,2007216,Sports Studies,GCSE,A
1,3,2007132,Sports Studies,GCSE,A
1,3,2007145,Sports Studies,GCSE,A
1,3,2007158,Sports Studies,GCSE,A
1,3,2007024,Sports Studies,GCSE,A
1,3,2007154,Textiles,GCSE,A
1,3,2007101,Textiles,GCSE,A
1,3,2007045,Textiles,GCSE,A
1,3,2007084,Textiles,GCSE,A
1,3,2007053,Biology,GCSE,A*
1,3,2007039,Biology,GCSE,A*
1,3,2007028,Biology,GCSE,A*
1,3,2007141,Biology,GCSE,A*
1,3,2007154,Biology,GCSE,A*
1,3,2007101,Biology,GCSE,A*
1,3,2007024,Biology,GCSE,A*
1,3,2007084,Biology,GCSE,A*
1,3,2007039,Chemistry,GCSE,A*
1,3,2007028,Chemistry,GCSE,A*
1,3,2007219,Chemistry,GCSE,A*
1,3,2007071,Chemistry,GCSE,A*
1,3,2007141,Chemistry,GCSE,A*
1,3,2007154,Chemistry,GCSE,A*
1,3,2007101,Chemistry,GCSE,A*
1,3,2007024,Chemistry,GCSE,A*
1,3,2007047,English Lang,GCSE,A*
1,3,2007028,English Lang,GCSE,A*
1,3,2007101,English Lang,GCSE,A*
1,3,2007146,English Lang,GCSE,A*
1,3,2007024,English Lang,GCSE,A*
1,3,2007084,English Lang,GCSE,A*
1,3,2007028,Food,GCSE,A*
1,3,2007053,History,GCSE,A*
1,3,2007047,History,GCSE,A*
1,3,2007141,History,GCSE,A*
1,3,2007172,History,GCSE,A*
1,3,2007084,History,GCSE,A*
1,3,2007053,Maths,GCSE,A*
1,3,2007039,Maths,GCSE,A*
1,3,2007219,Maths,GCSE,A*
1,3,2007068,Maths,GCSE,A*
1,3,2007154,Maths,GCSE,A*
1,3,2007024,Maths,GCSE,A*
1,3,2007053,Physics,GCSE,A*
1,3,2007047,Religious Studies,GCSE,A*
1,3,2007141,Religious Studies,GCSE,A*
1,3,2007084,Religious Studies,GCSE,A*
1,3,2007136,Applied Science,GCSE,B
1,3,2007007,Applied Science,GCSE,B
1,3,2007006,Applied Science,GCSE,B
1,3,2007106,Applied Science,GCSE,B
1,3,2007050,Applied Science,GCSE,B
1,3,2007100,Applied Science,GCSE,B
1,3,2007014,Applied Science,GCSE,B
1,3,2007130,Applied Science,GCSE,B
1,3,2007041,Applied Science,GCSE,B
1,3,2007191,Applied Science,GCSE,B
1,3,2008267,Applied Science,GCSE,B
1,3,2007148,Applied Science,GCSE,B
1,3,2007096,Applied Science,GCSE,B
1,3,2007125,Art,GCSE,B
1,3,2007147,Art,GCSE,B
1,3,2007203,Art,GCSE,B
1,3,2007103,Art,GCSE,B
1,3,2007045,Art,GCSE,B
1,3,2007142,Art,GCSE,B
1,3,2007173,Biology,GCSE,B
1,3,2007124,Biology,GCSE,B
1,3,2007033,Biology,GCSE,B
1,3,2007192,Biology,GCSE,B
1,3,2007147,Biology,GCSE,B
1,3,2007051,Biology,GCSE,B
1,3,2007099,Biology,GCSE,B
1,3,2007062,Biology,GCSE,B
1,3,2007139,Biology,GCSE,B
1,3,2007015,Biology,GCSE,B
1,3,2007058,Biology,GCSE,B
1,3,2007168,Biology,GCSE,B
1,3,2007140,Biology,GCSE,B
1,3,2007045,Biology,GCSE,B
1,3,2007142,Biology,GCSE,B
1,3,2007160,Biology,GCSE,B
1,3,2007125,Business Studies,GCSE,B
1,3,2007067,Business Studies,GCSE,B
1,3,2007023,Business Studies,GCSE,B
1,3,2007132,Business Studies,GCSE,B
1,3,2007139,Business Studies,GCSE,B
1,3,2007145,Business Studies,GCSE,B
1,3,2007037,Business Studies,GCSE,B
1,3,2007134,Business Studies,GCSE,B
1,3,2007160,Business Studies,GCSE,B
1,3,2007173,Chemistry,GCSE,B
1,3,2007124,Chemistry,GCSE,B
1,3,2007066,Chemistry,GCSE,B
1,3,2007004,Chemistry,GCSE,B
1,3,2007044,Chemistry,GCSE,B
1,3,2007127,Chemistry,GCSE,B
1,3,2007125,Chemistry,GCSE,B
1,3,2007147,Chemistry,GCSE,B
1,3,2007051,Chemistry,GCSE,B
1,3,2007132,Chemistry,GCSE,B
1,3,2007062,Chemistry,GCSE,B
1,3,2007015,Chemistry,GCSE,B
1,3,2007037,Chemistry,GCSE,B
1,3,2007058,Chemistry,GCSE,B
1,3,2007168,Chemistry,GCSE,B
1,3,2007045,Chemistry,GCSE,B
1,3,2007188,Chemistry,GCSE,B
1,3,2007160,Chemistry,GCSE,B
1,3,2007110,Drama,GCSE,B
1,3,2007203,Drama,GCSE,B
1,3,2007140,Drama,GCSE,B
1,3,2007118,Drama,GCSE,B
1,3,2007164,Drama,GCSE,B
1,3,2007093,English Lang,GCSE,B
1,3,2007124,English Lang,GCSE,B
1,3,2007060,English Lang,GCSE,B
1,3,2007224,English Lang,GCSE,B
1,3,2007136,English Lang,GCSE,B
1,3,2007007,English Lang,GCSE,B
1,3,2007006,English Lang,GCSE,B
1,3,2007163,English Lang,GCSE,B
1,3,2007114,English Lang,GCSE,B
1,3,2007048,English Lang,GCSE,B
1,3,2007194,English Lang,GCSE,B
1,3,2007183,English Lang,GCSE,B
1,3,2007151,English Lang,GCSE,B
1,3,2007106,English Lang,GCSE,B
1,3,2007176,English Lang,GCSE,B
1,3,2007175,English Lang,GCSE,B
1,3,2007003,English Lang,GCSE,B
1,3,2007067,English Lang,GCSE,B
1,3,2007115,English Lang,GCSE,B
1,3,2007029,English Lang,GCSE,B
1,3,2007144,English Lang,GCSE,B
1,3,2007065,English Lang,GCSE,B
1,3,2007147,English Lang,GCSE,B
1,3,2007070,English Lang,GCSE,B
1,3,2007203,English Lang,GCSE,B
1,3,2007152,English Lang,GCSE,B
1,3,2007051,English Lang,GCSE,B
1,3,2007075,English Lang,GCSE,B
1,3,2007099,English Lang,GCSE,B
1,3,2007100,English Lang,GCSE,B
1,3,2007030,English Lang,GCSE,B
1,3,2007186,English Lang,GCSE,B
1,3,2007161,English Lang,GCSE,B
1,3,2007170,English Lang,GCSE,B
1,3,2007082,English Lang,GCSE,B
1,3,2007014,English Lang,GCSE,B
1,3,2007172,English Lang,GCSE,B
1,3,2007015,English Lang,GCSE,B
1,3,2007135,English Lang,GCSE,B
1,3,2007200,English Lang,GCSE,B
1,3,2007037,English Lang,GCSE,B
1,3,2007130,English Lang,GCSE,B
1,3,2007041,English Lang,GCSE,B
1,3,2007090,English Lang,GCSE,B
1,3,2007137,English Lang,GCSE,B
1,3,2007103,English Lang,GCSE,B
1,3,2007143,English Lang,GCSE,B
1,3,2007140,English Lang,GCSE,B
1,3,2008267,English Lang,GCSE,B
1,3,2007057,English Lang,GCSE,B
1,3,2007197,English Lang,GCSE,B
1,3,2007162,English Lang,GCSE,B
1,3,2007074,English Lang,GCSE,B
1,3,2007148,English Lang,GCSE,B
1,3,2007045,English Lang,GCSE,B
1,3,2007133,English Lang,GCSE,B
1,3,2007096,English Lang,GCSE,B
1,3,2007264,English Lang,GCSE,B
1,3,2007064,English Lang,GCSE,B
1,3,2007118,English Lang,GCSE,B
1,3,2007181,English Lang,GCSE,B
1,3,2007160,English Lang,GCSE,B
1,3,2007173,Food,GCSE,B
1,3,2007093,Food,GCSE,B
1,3,2007007,Food,GCSE,B
1,3,2007006,Food,GCSE,B
1,3,2007183,Food,GCSE,B
1,3,2007044,Food,GCSE,B
1,3,2007067,Food,GCSE,B
1,3,2007144,Food,GCSE,B
1,3,2007141,Food,GCSE,B
1,3,2007145,Food,GCSE,B
1,3,2007172,Food,GCSE,B
1,3,2007040,Food,GCSE,B
1,3,2007037,Food,GCSE,B
1,3,2007207,Food,GCSE,B
1,3,2007137,Food,GCSE,B
1,3,2007164,Food,GCSE,B
1,3,2007160,Food,GCSE,B
1,3,2007060,French,GCSE,B
1,3,2007180,French,GCSE,B
1,3,2007146,French,GCSE,B
1,3,2007139,French,GCSE,B
1,3,2007190,Geography,GCSE,B
1,3,2007044,Geography,GCSE,B
1,3,2007132,Geography,GCSE,B
1,3,2007062,Geography,GCSE,B
1,3,2007140,Geography,GCSE,B
1,3,2007197,Geography,GCSE,B
1,3,2007160,Geography,GCSE,B
1,3,2007136,German,GCSE,B
1,3,2007203,German,GCSE,B
1,3,2007135,German,GCSE,B
1,3,2007060,History,GCSE,B
1,3,2007136,History,GCSE,B
1,3,2007023,History,GCSE,B
1,3,2007161,History,GCSE,B
1,3,2007139,History,GCSE,B
1,3,2007145,History,GCSE,B
1,3,2007182,History,GCSE,B
1,3,2007130,History,GCSE,B
1,3,2007058,History,GCSE,B
1,3,2007191,History,GCSE,B
1,3,2007148,History,GCSE,B
1,3,2007045,History,GCSE,B
1,3,2007188,History,GCSE,B
1,3,2007133,History,GCSE,B
1,3,2007142,History,GCSE,B
1,3,2007189,History,GCSE,B
1,3,2007093,ICT GCSE,GCSE,B
1,3,2007124,ICT GCSE,GCSE,B
1,3,2007060,ICT GCSE,GCSE,B
1,3,2007159,ICT GCSE,GCSE,B
1,3,2007110,ICT GCSE,GCSE,B
1,3,2007007,ICT GCSE,GCSE,B
1,3,2007006,ICT GCSE,GCSE,B
1,3,2007190,ICT GCSE,GCSE,B
1,3,2007048,ICT GCSE,GCSE,B
1,3,2007194,ICT GCSE,GCSE,B
1,3,2007183,ICT GCSE,GCSE,B
1,3,2007106,ICT GCSE,GCSE,B
1,3,2007199,ICT GCSE,GCSE,B
1,3,2007043,ICT GCSE,GCSE,B
1,3,2007175,ICT GCSE,GCSE,B
1,3,2007219,ICT GCSE,GCSE,B
1,3,2007033,ICT GCSE,GCSE,B
1,3,2007180,ICT GCSE,GCSE,B
1,3,2007071,ICT GCSE,GCSE,B
1,3,2007192,ICT GCSE,GCSE,B
1,3,2007029,ICT GCSE,GCSE,B
1,3,2007144,ICT GCSE,GCSE,B
1,3,2007065,ICT GCSE,GCSE,B
1,3,2007080,ICT GCSE,GCSE,B
1,3,2007205,ICT GCSE,GCSE,B
1,3,2007010,ICT GCSE,GCSE,B
1,3,2007009,ICT GCSE,GCSE,B
1,3,2007070,ICT GCSE,GCSE,B
1,3,2007174,ICT GCSE,GCSE,B
1,3,2007099,ICT GCSE,GCSE,B
1,3,2007100,ICT GCSE,GCSE,B
1,3,2007062,ICT GCSE,GCSE,B
1,3,3668,ICT GCSE,GCSE,B
1,3,3645,ICT GCSE,GCSE,B
1,3,2007030,ICT GCSE,GCSE,B
1,3,2007186,ICT GCSE,GCSE,B
1,3,2007161,ICT GCSE,GCSE,B
1,3,2007139,ICT GCSE,GCSE,B
1,3,2007145,ICT GCSE,GCSE,B
1,3,2007014,ICT GCSE,GCSE,B
1,3,2007112,ICT GCSE,GCSE,B
1,3,2007172,ICT GCSE,GCSE,B
1,3,2007104,ICT GCSE,GCSE,B
1,3,2007015,ICT GCSE,GCSE,B
1,3,2007135,ICT GCSE,GCSE,B
1,3,2007213,ICT GCSE,GCSE,B
1,3,2007040,ICT GCSE,GCSE,B
1,3,2007037,ICT GCSE,GCSE,B
1,3,2007207,ICT GCSE,GCSE,B
1,3,2007130,ICT GCSE,GCSE,B
1,3,2007061,ICT GCSE,GCSE,B
1,3,2007137,ICT GCSE,GCSE,B
1,3,2007140,ICT GCSE,GCSE,B
1,3,2008267,ICT GCSE,GCSE,B
1,3,2007197,ICT GCSE,GCSE,B
1,3,2007074,ICT GCSE,GCSE,B
1,3,2007148,ICT GCSE,GCSE,B
1,3,2007045,ICT GCSE,GCSE,B
1,3,2007133,ICT GCSE,GCSE,B
1,3,2007032,ICT GCSE,GCSE,B
1,3,2007118,ICT GCSE,GCSE,B
1,3,2007181,ICT GCSE,GCSE,B
1,3,2007164,ICT GCSE,GCSE,B
1,3,2007093,Maths,GCSE,B
1,3,2007124,Maths,GCSE,B
1,3,2007007,Maths,GCSE,B
1,3,2007066,Maths,GCSE,B
1,3,2007171,Maths,GCSE,B
1,3,2007183,Maths,GCSE,B
1,3,2007151,Maths,GCSE,B
1,3,2007138,Maths,GCSE,B
1,3,2007106,Maths,GCSE,B
1,3,2007047,Maths,GCSE,B
1,3,2007004,Maths,GCSE,B
1,3,2007125,Maths,GCSE,B
1,3,2007033,Maths,GCSE,B
1,3,2007035,Maths,GCSE,B
1,3,2007180,Maths,GCSE,B
1,3,2007067,Maths,GCSE,B
1,3,2007192,Maths,GCSE,B
1,3,2007029,Maths,GCSE,B
1,3,2007065,Maths,GCSE,B
1,3,2007147,Maths,GCSE,B
1,3,2007080,Maths,GCSE,B
1,3,2007205,Maths,GCSE,B
1,3,2007050,Maths,GCSE,B
1,3,2007099,Maths,GCSE,B
1,3,2007062,Maths,GCSE,B
1,3,2007161,Maths,GCSE,B
1,3,2007139,Maths,GCSE,B
1,3,2007170,Maths,GCSE,B
1,3,2007172,Maths,GCSE,B
1,3,2007015,Maths,GCSE,B
1,3,2007083,Maths,GCSE,B
1,3,2007040,Maths,GCSE,B
1,3,2007061,Maths,GCSE,B
1,3,2007058,Maths,GCSE,B
1,3,2007090,Maths,GCSE,B
1,3,2007168,Maths,GCSE,B
1,3,2007143,Maths,GCSE,B
1,3,2007140,Maths,GCSE,B
1,3,2008267,Maths,GCSE,B
1,3,2007197,Maths,GCSE,B
1,3,2007148,Maths,GCSE,B
1,3,2007133,Maths,GCSE,B
1,3,2007142,Maths,GCSE,B
1,3,2007118,Maths,GCSE,B
1,3,2007164,Maths,GCSE,B
1,3,2007160,Maths,GCSE,B
1,3,2007039,Music,GCSE,B
1,3,2007068,Music,GCSE,B
1,3,2007279,Music,GCSE,B
1,3,2007173,Physics,GCSE,B
1,3,2007044,Physics,GCSE,B
1,3,2007125,Physics,GCSE,B
1,3,2007033,Physics,GCSE,B
1,3,2007192,Physics,GCSE,B
1,3,2007080,Physics,GCSE,B
1,3,2007174,Physics,GCSE,B
1,3,2007051,Physics,GCSE,B
1,3,2007099,Physics,GCSE,B
1,3,2007132,Physics,GCSE,B
1,3,2007062,Physics,GCSE,B
1,3,2007139,Physics,GCSE,B
1,3,2007015,Physics,GCSE,B
1,3,2007061,Physics,GCSE,B
1,3,2007058,Physics,GCSE,B
1,3,2007158,Physics,GCSE,B
1,3,2007045,Physics,GCSE,B
1,3,2007188,Physics,GCSE,B
1,3,2007142,Physics,GCSE,B
1,3,2007160,Physics,GCSE,B
1,3,2007190,Product Design,GCSE,B
1,3,2007194,Product Design,GCSE,B
1,3,2007047,Product Design,GCSE,B
1,3,2007196,Product Design,GCSE,B
1,3,2007068,Product Design,GCSE,B
1,3,2007132,Product Design,GCSE,B
1,3,2007161,Product Design,GCSE,B
1,3,2007046,Product Design,GCSE,B
1,3,2008267,Product Design,GCSE,B
1,3,2007279,Product Design,GCSE,B
1,3,2007093,Religious Studies,GCSE,B
1,3,2007124,Religious Studies,GCSE,B
1,3,2007185,Religious Studies,GCSE,B
1,3,2007136,Religious Studies,GCSE,B
1,3,2007190,Religious Studies,GCSE,B
1,3,2007171,Religious Studies,GCSE,B
1,3,2007194,Religious Studies,GCSE,B
1,3,2007033,Religious Studies,GCSE,B
1,3,2007055,Religious Studies,GCSE,B
1,3,2007192,Religious Studies,GCSE,B
1,3,2007196,Religious Studies,GCSE,B
1,3,2007065,Religious Studies,GCSE,B
1,3,2007147,Religious Studies,GCSE,B
1,3,2007205,Religious Studies,GCSE,B
1,3,2007152,Religious Studies,GCSE,B
1,3,2007051,Religious Studies,GCSE,B
1,3,2007023,Religious Studies,GCSE,B
1,3,2007062,Religious Studies,GCSE,B
1,3,2007030,Religious Studies,GCSE,B
1,3,2007139,Religious Studies,GCSE,B
1,3,2007145,Religious Studies,GCSE,B
1,3,2007082,Religious Studies,GCSE,B
1,3,2007014,Religious Studies,GCSE,B
1,3,2007037,Religious Studies,GCSE,B
1,3,2007041,Religious Studies,GCSE,B
1,3,2007191,Religious Studies,GCSE,B
1,3,2007143,Religious Studies,GCSE,B
1,3,2007140,Religious Studies,GCSE,B
1,3,2007197,Religious Studies,GCSE,B
1,3,2007134,Religious Studies,GCSE,B
1,3,2007148,Religious Studies,GCSE,B
1,3,2007045,Religious Studies,GCSE,B
1,3,2007155,Religious Studies,GCSE,B
1,3,2007188,Religious Studies,GCSE,B
1,3,2007209,Religious Studies,GCSE,B
1,3,2007264,Religious Studies,GCSE,B
1,3,2007064,Religious Studies,GCSE,B
1,3,2007160,Religious Studies,GCSE,B
1,3,2007065,Science,GCSE,B
1,3,2007164,Science,GCSE,B
1,3,2007224,Sports Studies,GCSE,B
1,3,2007039,Sports Studies,GCSE,B
1,3,2007183,Sports Studies,GCSE,B
1,3,2007080,Sports Studies,GCSE,B
1,3,2007051,Sports Studies,GCSE,B
1,3,2007099,Sports Studies,GCSE,B
1,3,2007062,Sports Studies,GCSE,B
1,3,2007063,Sports Studies,GCSE,B
1,3,2007103,Sports Studies,GCSE,B
1,3,2007197,Sports Studies,GCSE,B
1,3,2007209,Sports Studies,GCSE,B
1,3,2007136,Textiles,GCSE,B
1,3,2007004,Textiles,GCSE,B
1,3,2007180,Textiles,GCSE,B
1,3,2007065,Textiles,GCSE,B
1,3,2007075,Textiles,GCSE,B
1,3,2007100,Textiles,GCSE,B
1,3,2007135,Textiles,GCSE,B
1,3,2007061,Textiles,GCSE,B
1,3,2007191,Textiles,GCSE,B
1,3,2007142,Textiles,GCSE,B
1,3,2007093,Applied Science,GCSE,C
1,3,2007185,Applied Science,GCSE,C
1,3,2007060,Applied Science,GCSE,C
1,3,2007224,Applied Science,GCSE,C
1,3,2007159,Applied Science,GCSE,C
1,3,2007163,Applied Science,GCSE,C
1,3,2007114,Applied Science,GCSE,C
1,3,2007171,Applied Science,GCSE,C
1,3,2007194,Applied Science,GCSE,C
1,3,2007183,Applied Science,GCSE,C
1,3,2007151,Applied Science,GCSE,C
1,3,2007034,Applied Science,GCSE,C
1,3,2007043,Applied Science,GCSE,C
1,3,2007210,Applied Science,GCSE,C
1,3,2007126,Applied Science,GCSE,C
1,3,2007176,Applied Science,GCSE,C
1,3,2007003,Applied Science,GCSE,C
1,3,2007180,Applied Science,GCSE,C
1,3,2007055,Applied Science,GCSE,C
1,3,2007115,Applied Science,GCSE,C
1,3,2007131,Applied Science,GCSE,C
1,3,2007144,Applied Science,GCSE,C
1,3,2007010,Applied Science,GCSE,C
1,3,2007070,Applied Science,GCSE,C
1,3,2007203,Applied Science,GCSE,C
1,3,2007152,Applied Science,GCSE,C
1,3,2007149,Applied Science,GCSE,C
1,3,2007075,Applied Science,GCSE,C
1,3,2007081,Applied Science,GCSE,C
1,3,2007052,Applied Science,GCSE,C
1,3,2007063,Applied Science,GCSE,C
1,3,3645,Applied Science,GCSE,C
1,3,2007186,Applied Science,GCSE,C
1,3,2007157,Applied Science,GCSE,C
1,3,2007020,Applied Science,GCSE,C
1,3,2007046,Applied Science,GCSE,C
1,3,2007170,Applied Science,GCSE,C
1,3,2007082,Applied Science,GCSE,C
1,3,2007112,Applied Science,GCSE,C
1,3,2007022,Applied Science,GCSE,C
1,3,2007104,Applied Science,GCSE,C
1,3,2007135,Applied Science,GCSE,C
1,3,2007083,Applied Science,GCSE,C
1,3,2007137,Applied Science,GCSE,C
1,3,2007143,Applied Science,GCSE,C
1,3,2007097,Applied Science,GCSE,C
1,3,2007162,Applied Science,GCSE,C
1,3,2007133,Applied Science,GCSE,C
1,3,2007032,Applied Science,GCSE,C
1,3,2007181,Applied Science,GCSE,C
1,3,2007189,Applied Science,GCSE,C
1,3,2007173,Art,GCSE,C
1,3,2007060,Art,GCSE,C
1,3,2007224,Art,GCSE,C
1,3,2007183,Art,GCSE,C
1,3,2007210,Art,GCSE,C
1,3,2007033,Art,GCSE,C
1,3,2007115,Art,GCSE,C
1,3,2007150,Art,GCSE,C
1,3,2007192,Art,GCSE,C
1,3,2007196,Art,GCSE,C
1,3,2007029,Art,GCSE,C
1,3,2007144,Art,GCSE,C
1,3,2007080,Art,GCSE,C
1,3,2007070,Art,GCSE,C
1,3,2007149,Art,GCSE,C
1,3,2007075,Art,GCSE,C
1,3,2007023,Art,GCSE,C
1,3,3668,Art,GCSE,C
1,3,2007082,Art,GCSE,C
1,3,2007112,Art,GCSE,C
1,3,2007135,Art,GCSE,C
1,3,2007091,Art,GCSE,C
1,3,2007058,Art,GCSE,C
1,3,2007137,Art,GCSE,C
1,3,2007162,Art,GCSE,C
1,3,2007074,Art,GCSE,C
1,3,2007155,Art,GCSE,C
1,3,2007133,Art,GCSE,C
1,3,2007096,Art,GCSE,C
1,3,2007016,Art,GCSE,C
1,3,2007080,Biology,GCSE,C
1,3,2007174,Biology,GCSE,C
1,3,2007023,Biology,GCSE,C
1,3,2007161,Biology,GCSE,C
1,3,2007185,Business Studies,GCSE,C
1,3,2007163,Business Studies,GCSE,C
1,3,2007114,Business Studies,GCSE,C
1,3,2007171,Business Studies,GCSE,C
1,3,2007138,Business Studies,GCSE,C
1,3,2007106,Business Studies,GCSE,C
1,3,2007175,Business Studies,GCSE,C
1,3,2007003,Business Studies,GCSE,C
1,3,2007117,Business Studies,GCSE,C
1,3,2007152,Business Studies,GCSE,C
1,3,2007109,Business Studies,GCSE,C
1,3,2007030,Business Studies,GCSE,C
1,3,2007082,Business Studies,GCSE,C
1,3,2007090,Business Studies,GCSE,C
1,3,2007168,Business Studies,GCSE,C
1,3,2007143,Business Studies,GCSE,C
1,3,2007133,Business Studies,GCSE,C
1,3,2007264,Business Studies,GCSE,C
1,3,2007064,Business Studies,GCSE,C
1,3,2007204,Business Studies,GCSE,C
1,3,2007192,Chemistry,GCSE,C
1,3,2007080,Chemistry,GCSE,C
1,3,2007174,Chemistry,GCSE,C
1,3,2007023,Chemistry,GCSE,C
1,3,2007161,Chemistry,GCSE,C
1,3,2007139,Chemistry,GCSE,C
1,3,2007173,Drama,GCSE,C
1,3,2007093,Drama,GCSE,C
1,3,2007007,Drama,GCSE,C
1,3,2007048,Drama,GCSE,C
1,3,2007051,Drama,GCSE,C
1,3,2007052,Drama,GCSE,C
1,3,2007193,Drama,GCSE,C
1,3,2007094,Drama,GCSE,C
1,3,2007198,Drama,GCSE,C
1,3,2007046,Drama,GCSE,C
1,3,2007104,Drama,GCSE,C
1,3,2007200,Drama,GCSE,C
1,3,2007209,Drama,GCSE,C
1,3,2007181,Drama,GCSE,C
1,3,2008277,Drama,GCSE,C
1,3,2007185,English Lang,GCSE,C
1,3,2007218,English Lang,GCSE,C
1,3,2007159,English Lang,GCSE,C
1,3,2007110,English Lang,GCSE,C
1,3,2007171,English Lang,GCSE,C
1,3,2007138,English Lang,GCSE,C
1,3,2007225,English Lang,GCSE,C
1,3,2007056,English Lang,GCSE,C
1,3,2007034,English Lang,GCSE,C
1,3,2007199,English Lang,GCSE,C
1,3,2007153,English Lang,GCSE,C
1,3,2007210,English Lang,GCSE,C
1,3,2007221,English Lang,GCSE,C
1,3,2007126,English Lang,GCSE,C
1,3,2007072,English Lang,GCSE,C
1,3,2007222,English Lang,GCSE,C
1,3,2007108,English Lang,GCSE,C
1,3,2007206,English Lang,GCSE,C
1,3,2007055,English Lang,GCSE,C
1,3,2007167,English Lang,GCSE,C
1,3,2007150,English Lang,GCSE,C
1,3,2007080,English Lang,GCSE,C
1,3,2007205,English Lang,GCSE,C
1,3,2007184,English Lang,GCSE,C
1,3,2007050,English Lang,GCSE,C
1,3,2007010,English Lang,GCSE,C
1,3,2007009,English Lang,GCSE,C
1,3,2007174,English Lang,GCSE,C
1,3,2007149,English Lang,GCSE,C
1,3,2007109,English Lang,GCSE,C
1,3,3668,English Lang,GCSE,C
1,3,2007052,English Lang,GCSE,C
1,3,2007063,English Lang,GCSE,C
1,3,2007193,English Lang,GCSE,C
1,3,3645,English Lang,GCSE,C
1,3,2007157,English Lang,GCSE,C
1,3,2007017,English Lang,GCSE,C
1,3,2007112,English Lang,GCSE,C
1,3,2007104,English Lang,GCSE,C
1,3,2007182,English Lang,GCSE,C
1,3,2007083,English Lang,GCSE,C
1,3,2007091,English Lang,GCSE,C
1,3,2007207,English Lang,GCSE,C
1,3,2007168,English Lang,GCSE,C
1,3,2007097,English Lang,GCSE,C
1,3,2007134,English Lang,GCSE,C
1,3,2007155,English Lang,GCSE,C
1,3,2007129,English Lang,GCSE,C
1,3,2007209,English Lang,GCSE,C
1,3,2007187,English Lang,GCSE,C
1,3,2007204,English Lang,GCSE,C
1,3,2007189,English Lang,GCSE,C
1,3,2007224,Food,GCSE,C
1,3,2007199,Food,GCSE,C
1,3,2007221,Food,GCSE,C
1,3,2007150,Food,GCSE,C
1,3,2007103,Food,GCSE,C
1,3,2007143,Food,GCSE,C
1,3,2007057,Food,GCSE,C
1,3,2007155,Food,GCSE,C
1,3,2007118,Food,GCSE,C
1,3,2007181,Food,GCSE,C
1,3,2007131,French,GCSE,C
1,3,2007063,French,GCSE,C
1,3,2007037,French,GCSE,C
1,3,2007173,Geography,GCSE,C
1,3,2007093,Geography,GCSE,C
1,3,2007224,Geography,GCSE,C
1,3,2007136,Geography,GCSE,C
1,3,2007007,Geography,GCSE,C
1,3,2007151,Geography,GCSE,C
1,3,2007106,Geography,GCSE,C
1,3,2007080,Geography,GCSE,C
1,3,2007099,Geography,GCSE,C
1,3,2007046,Geography,GCSE,C
1,3,2007015,Geography,GCSE,C
1,3,2007137,Geography,GCSE,C
1,3,2008267,Geography,GCSE,C
1,3,2007188,Geography,GCSE,C
1,3,2007194,German,GCSE,C
1,3,2007093,History,GCSE,C
1,3,2007124,History,GCSE,C
1,3,2007159,History,GCSE,C
1,3,2007102,History,GCSE,C
1,3,2007048,History,GCSE,C
1,3,2007194,History,GCSE,C
1,3,2007151,History,GCSE,C
1,3,2007199,History,GCSE,C
1,3,2007153,History,GCSE,C
1,3,2007126,History,GCSE,C
1,3,2007176,History,GCSE,C
1,3,2007175,History,GCSE,C
1,3,2007072,History,GCSE,C
1,3,2007003,History,GCSE,C
1,3,2007055,History,GCSE,C
1,3,2007067,History,GCSE,C
1,3,2007192,History,GCSE,C
1,3,2007029,History,GCSE,C
1,3,2007144,History,GCSE,C
1,3,2007205,History,GCSE,C
1,3,2007184,History,GCSE,C
1,3,2007009,History,GCSE,C
1,3,2007051,History,GCSE,C
1,3,2007109,History,GCSE,C
1,3,2007099,History,GCSE,C
1,3,3645,History,GCSE,C
1,3,2007186,History,GCSE,C
1,3,2007157,History,GCSE,C
1,3,2007046,History,GCSE,C
1,3,2007082,History,GCSE,C
1,3,2007104,History,GCSE,C
1,3,2007143,History,GCSE,C
1,3,2007197,History,GCSE,C
1,3,2007134,History,GCSE,C
1,3,2007064,History,GCSE,C
1,3,2007187,History,GCSE,C
1,3,2007185,ICT GCSE,GCSE,C
1,3,2007105,ICT GCSE,GCSE,C
1,3,2007224,ICT GCSE,GCSE,C
1,3,2007163,ICT GCSE,GCSE,C
1,3,2007171,ICT GCSE,GCSE,C
1,3,2007151,ICT GCSE,GCSE,C
1,3,2007095,ICT GCSE,GCSE,C
1,3,2007056,ICT GCSE,GCSE,C
1,3,2007073,ICT GCSE,GCSE,C
1,3,2007089,ICT GCSE,GCSE,C
1,3,2007210,ICT GCSE,GCSE,C
1,3,2007221,ICT GCSE,GCSE,C
1,3,2007126,ICT GCSE,GCSE,C
1,3,2007176,ICT GCSE,GCSE,C
1,3,2007072,ICT GCSE,GCSE,C
1,3,2007206,ICT GCSE,GCSE,C
1,3,2007167,ICT GCSE,GCSE,C
1,3,2007131,ICT GCSE,GCSE,C
1,3,2007184,ICT GCSE,GCSE,C
1,3,2007203,ICT GCSE,GCSE,C
1,3,2007051,ICT GCSE,GCSE,C
1,3,2007109,ICT GCSE,GCSE,C
1,3,2007075,ICT GCSE,GCSE,C
1,3,2007081,ICT GCSE,GCSE,C
1,3,2007023,ICT GCSE,GCSE,C
1,3,2007132,ICT GCSE,GCSE,C
1,3,2007063,ICT GCSE,GCSE,C
1,3,2007193,ICT GCSE,GCSE,C
1,3,2007042,ICT GCSE,GCSE,C
1,3,2007020,ICT GCSE,GCSE,C
1,3,2007198,ICT GCSE,GCSE,C
1,3,2007046,ICT GCSE,GCSE,C
1,3,2007170,ICT GCSE,GCSE,C
1,3,2007082,ICT GCSE,GCSE,C
1,3,3669,ICT GCSE,GCSE,C
1,3,2007017,ICT GCSE,GCSE,C
1,3,2007059,ICT GCSE,GCSE,C
1,3,2007083,ICT GCSE,GCSE,C
1,3,2007077,ICT GCSE,GCSE,C
1,3,2007200,ICT GCSE,GCSE,C
1,3,2007090,ICT GCSE,GCSE,C
1,3,2007103,ICT GCSE,GCSE,C
1,3,2007049,ICT GCSE,GCSE,C
1,3,2007097,ICT GCSE,GCSE,C
1,3,2007057,ICT GCSE,GCSE,C
1,3,2007162,ICT GCSE,GCSE,C
1,3,2007134,ICT GCSE,GCSE,C
1,3,2007156,ICT GCSE,GCSE,C
1,3,2007129,ICT GCSE,GCSE,C
1,3,2007209,ICT GCSE,GCSE,C
1,3,2007096,ICT GCSE,GCSE,C
1,3,2007264,ICT GCSE,GCSE,C
1,3,2007016,ICT GCSE,GCSE,C
1,3,2007064,ICT GCSE,GCSE,C
1,3,2007187,ICT GCSE,GCSE,C
1,3,2007204,ICT GCSE,GCSE,C
1,3,2007279,ICT GCSE,GCSE,C
1,3,2007189,ICT GCSE,GCSE,C
1,3,2007173,Maths,GCSE,C
1,3,2007060,Maths,GCSE,C
1,3,2007224,Maths,GCSE,C
1,3,2007218,Maths,GCSE,C
1,3,2007136,Maths,GCSE,C
1,3,2007006,Maths,GCSE,C
1,3,2007114,Maths,GCSE,C
1,3,2007048,Maths,GCSE,C
1,3,2007194,Maths,GCSE,C
1,3,2007034,Maths,GCSE,C
1,3,2007199,Maths,GCSE,C
1,3,2007043,Maths,GCSE,C
1,3,2007221,Maths,GCSE,C
1,3,2007126,Maths,GCSE,C
1,3,2007055,Maths,GCSE,C
1,3,2007167,Maths,GCSE,C
1,3,2007150,Maths,GCSE,C
1,3,2007131,Maths,GCSE,C
1,3,2007144,Maths,GCSE,C
1,3,2007174,Maths,GCSE,C
1,3,2007152,Maths,GCSE,C
1,3,2007149,Maths,GCSE,C
1,3,2007109,Maths,GCSE,C
1,3,2007075,Maths,GCSE,C
1,3,2007023,Maths,GCSE,C
1,3,2007063,Maths,GCSE,C
1,3,2007030,Maths,GCSE,C
1,3,2007186,Maths,GCSE,C
1,3,2007046,Maths,GCSE,C
1,3,2007082,Maths,GCSE,C
1,3,2007014,Maths,GCSE,C
1,3,2007104,Maths,GCSE,C
1,3,2007130,Maths,GCSE,C
1,3,2007041,Maths,GCSE,C
1,3,2007137,Maths,GCSE,C
1,3,2007097,Maths,GCSE,C
1,3,2007057,Maths,GCSE,C
1,3,2007162,Maths,GCSE,C
1,3,2007134,Maths,GCSE,C
1,3,2007155,Maths,GCSE,C
1,3,2007188,Maths,GCSE,C
1,3,2007209,Maths,GCSE,C
1,3,2007264,Maths,GCSE,C
1,3,2007064,Maths,GCSE,C
1,3,2007187,Maths,GCSE,C
1,3,2007181,Maths,GCSE,C
1,3,2007026,Music,GCSE,C
1,3,2007219,Music,GCSE,C
1,3,2007070,Music,GCSE,C
1,3,2007075,Music,GCSE,C
1,3,2007005,Music,GCSE,C
1,3,2007264,Music,GCSE,C
1,3,2007016,Music,GCSE,C
1,3,2007124,Physics,GCSE,C
1,3,2007147,Physics,GCSE,C
1,3,2007023,Physics,GCSE,C
1,3,2007161,Physics,GCSE,C
1,3,2007037,Physics,GCSE,C
1,3,2007168,Physics,GCSE,C
1,3,2007140,Physics,GCSE,C
1,3,2007185,Product Design,GCSE,C
1,3,2007218,Product Design,GCSE,C
1,3,2007163,Product Design,GCSE,C
1,3,2007171,Product Design,GCSE,C
1,3,2007151,Product Design,GCSE,C
1,3,2007138,Product Design,GCSE,C
1,3,2007106,Product Design,GCSE,C
1,3,2007153,Product Design,GCSE,C
1,3,2007210,Product Design,GCSE,C
1,3,2007055,Product Design,GCSE,C
1,3,2007115,Product Design,GCSE,C
1,3,2007192,Product Design,GCSE,C
1,3,2007131,Product Design,GCSE,C
1,3,2007184,Product Design,GCSE,C
1,3,2007010,Product Design,GCSE,C
1,3,2007216,Product Design,GCSE,C
1,3,2007099,Product Design,GCSE,C
1,3,2007059,Product Design,GCSE,C
1,3,2007015,Product Design,GCSE,C
1,3,2007083,Product Design,GCSE,C
1,3,2007091,Product Design,GCSE,C
1,3,2007130,Product Design,GCSE,C
1,3,2007090,Product Design,GCSE,C
1,3,2007168,Product Design,GCSE,C
1,3,2007162,Product Design,GCSE,C
1,3,2007148,Product Design,GCSE,C
1,3,2007209,Product Design,GCSE,C
1,3,2007204,Product Design,GCSE,C
1,3,2007189,Product Design,GCSE,C
1,3,2007060,Religious Studies,GCSE,C
1,3,2007159,Religious Studies,GCSE,C
1,3,2007007,Religious Studies,GCSE,C
1,3,2007006,Religious Studies,GCSE,C
1,3,2007163,Religious Studies,GCSE,C
1,3,2007048,Religious Studies,GCSE,C
1,3,2007151,Religious Studies,GCSE,C
1,3,2007138,Religious Studies,GCSE,C
1,3,2007225,Religious Studies,GCSE,C
1,3,2007034,Religious Studies,GCSE,C
1,3,2007199,Religious Studies,GCSE,C
1,3,2007069,Religious Studies,GCSE,C
1,3,2007043,Religious Studies,GCSE,C
1,3,2007221,Religious Studies,GCSE,C
1,3,2007126,Religious Studies,GCSE,C
1,3,2007176,Religious Studies,GCSE,C
1,3,2007175,Religious Studies,GCSE,C
1,3,2007003,Religious Studies,GCSE,C
1,3,2007180,Religious Studies,GCSE,C
1,3,2007067,Religious Studies,GCSE,C
1,3,2007029,Religious Studies,GCSE,C
1,3,2007080,Religious Studies,GCSE,C
1,3,2007070,Religious Studies,GCSE,C
1,3,2007203,Religious Studies,GCSE,C
1,3,2007149,Religious Studies,GCSE,C
1,3,2007075,Religious Studies,GCSE,C
1,3,2007099,Religious Studies,GCSE,C
1,3,2007100,Religious Studies,GCSE,C
1,3,2007052,Religious Studies,GCSE,C
1,3,2007063,Religious Studies,GCSE,C
1,3,3645,Religious Studies,GCSE,C
1,3,2007186,Religious Studies,GCSE,C
1,3,2007157,Religious Studies,GCSE,C
1,3,2007161,Religious Studies,GCSE,C
1,3,2007046,Religious Studies,GCSE,C
1,3,2007112,Religious Studies,GCSE,C
1,3,2007104,Religious Studies,GCSE,C
1,3,2007182,Religious Studies,GCSE,C
1,3,2007083,Religious Studies,GCSE,C
1,3,2007207,Religious Studies,GCSE,C
1,3,2007130,Religious Studies,GCSE,C
1,3,2007058,Religious Studies,GCSE,C
1,3,2007090,Religious Studies,GCSE,C
1,3,2007137,Religious Studies,GCSE,C
1,3,2007168,Religious Studies,GCSE,C
1,3,2008267,Religious Studies,GCSE,C
1,3,2007097,Religious Studies,GCSE,C
1,3,2007162,Religious Studies,GCSE,C
1,3,2007133,Religious Studies,GCSE,C
1,3,2007187,Religious Studies,GCSE,C
1,3,2007181,Religious Studies,GCSE,C
1,3,2007189,Religious Studies,GCSE,C
1,3,2007056,Science,GCSE,C
1,3,2007221,Science,GCSE,C
1,3,2007175,Science,GCSE,C
1,3,2007029,Science,GCSE,C
1,3,2007030,Science,GCSE,C
1,3,2007090,Science,GCSE,C
1,3,2007155,Science,GCSE,C
1,3,2007209,Science,GCSE,C
1,3,2007187,Science,GCSE,C
1,3,2007118,Science,GCSE,C
1,3,2007124,Sports Studies,GCSE,C
1,3,2007185,Sports Studies,GCSE,C
1,3,2007218,Sports Studies,GCSE,C
1,3,2007163,Sports Studies,GCSE,C
1,3,2007190,Sports Studies,GCSE,C
1,3,2007102,Sports Studies,GCSE,C
1,3,2007194,Sports Studies,GCSE,C
1,3,2007138,Sports Studies,GCSE,C
1,3,2007106,Sports Studies,GCSE,C
1,3,2007043,Sports Studies,GCSE,C
1,3,2007210,Sports Studies,GCSE,C
1,3,2007126,Sports Studies,GCSE,C
1,3,2007071,Sports Studies,GCSE,C
1,3,2007192,Sports Studies,GCSE,C
1,3,2007144,Sports Studies,GCSE,C
1,3,2007184,Sports Studies,GCSE,C
1,3,2007010,Sports Studies,GCSE,C
1,3,2007186,Sports Studies,GCSE,C
1,3,2007014,Sports Studies,GCSE,C
1,3,2007059,Sports Studies,GCSE,C
1,3,2007022,Sports Studies,GCSE,C
1,3,2007015,Sports Studies,GCSE,C
1,3,2007143,Sports Studies,GCSE,C
1,3,2007140,Sports Studies,GCSE,C
1,3,2007049,Sports Studies,GCSE,C
1,3,2007097,Sports Studies,GCSE,C
1,3,2007057,Sports Studies,GCSE,C
1,3,2007156,Sports Studies,GCSE,C
1,3,2007129,Sports Studies,GCSE,C
1,3,2007060,Textiles,GCSE,C
1,3,2007048,Textiles,GCSE,C
1,3,2007176,Textiles,GCSE,C
1,3,2007003,Textiles,GCSE,C
1,3,2007029,Textiles,GCSE,C
1,3,2007205,Textiles,GCSE,C
1,3,2007070,Textiles,GCSE,C
1,3,2007149,Textiles,GCSE,C
1,3,2007023,Textiles,GCSE,C
1,3,2007074,Textiles,GCSE,C
1,3,2007096,Textiles,GCSE,C
1,3,2007264,Textiles,GCSE,C
1,3,2007187,Textiles,GCSE,C
1,3,2007113,Textiles,GCSE,C
1,3,2007110,Applied Science,GCSE,D
1,3,2007138,Applied Science,GCSE,D
1,3,2007069,Applied Science,GCSE,D
1,3,2007153,Applied Science,GCSE,D
1,3,2007072,Applied Science,GCSE,D
1,3,2007150,Applied Science,GCSE,D
1,3,2007184,Applied Science,GCSE,D
1,3,2007193,Applied Science,GCSE,D
1,3,2007182,Applied Science,GCSE,D
1,3,2007213,Applied Science,GCSE,D
1,3,2007091,Applied Science,GCSE,D
1,3,2007177,Applied Science,GCSE,D
1,3,2007134,Applied Science,GCSE,D
1,3,2007027,Applied Science,GCSE,D
1,3,2007105,Art,GCSE,D
1,3,3694,Art,GCSE,D
1,3,2007171,Art,GCSE,D
1,3,2007199,Art,GCSE,D
1,3,2007004,Art,GCSE,D
1,3,2007176,Art,GCSE,D
1,3,2007038,Art,GCSE,D
1,3,2007009,Art,GCSE,D
1,3,2007042,Art,GCSE,D
1,3,2007001,Art,GCSE,D
1,3,2007207,Art,GCSE,D
1,3,2007130,Art,GCSE,D
1,3,3666,Art,GCSE,D
1,3,2007187,Art,GCSE,D
1,3,2007113,Art,GCSE,D
1,3,2007204,Art,GCSE,D
1,3,2007034,Business Studies,GCSE,D
1,3,2007073,Business Studies,GCSE,D
1,3,2007089,Business Studies,GCSE,D
1,3,2007221,Business Studies,GCSE,D
1,3,2007174,Business Studies,GCSE,D
1,3,2007149,Business Studies,GCSE,D
1,3,2007042,Business Studies,GCSE,D
1,3,2007112,Business Studies,GCSE,D
1,3,2007059,Business Studies,GCSE,D
1,3,2007182,Business Studies,GCSE,D
1,3,2007083,Business Studies,GCSE,D
1,3,2007041,Business Studies,GCSE,D
1,3,2007057,Business Studies,GCSE,D
1,3,3694,Drama,GCSE,D
1,3,2007122,Drama,GCSE,D
1,3,2007008,Drama,GCSE,D
1,3,2007049,Drama,GCSE,D
1,3,2007097,Drama,GCSE,D
1,3,2007096,Drama,GCSE,D
1,3,2007105,English Lang,GCSE,D
1,3,2007102,English Lang,GCSE,D
1,3,2007095,English Lang,GCSE,D
1,3,2007069,English Lang,GCSE,D
1,3,2007043,English Lang,GCSE,D
1,3,2007073,English Lang,GCSE,D
1,3,2007026,English Lang,GCSE,D
1,3,2007038,English Lang,GCSE,D
1,3,2007131,English Lang,GCSE,D
1,3,2007081,English Lang,GCSE,D
1,3,2007042,English Lang,GCSE,D
1,3,2007116,English Lang,GCSE,D
1,3,2007020,English Lang,GCSE,D
1,3,2007094,English Lang,GCSE,D
1,3,2007198,English Lang,GCSE,D
1,3,2007046,English Lang,GCSE,D
1,3,3669,English Lang,GCSE,D
1,3,2007005,English Lang,GCSE,D
1,3,2007059,English Lang,GCSE,D
1,3,2007022,English Lang,GCSE,D
1,3,2007077,English Lang,GCSE,D
1,3,2007213,English Lang,GCSE,D
1,3,2007049,English Lang,GCSE,D
1,3,2007156,English Lang,GCSE,D
1,3,3666,English Lang,GCSE,D
1,3,2007032,English Lang,GCSE,D
1,3,2007223,English Lang,GCSE,D
1,3,2007113,English Lang,GCSE,D
1,3,2007092,English Lang,GCSE,D
1,3,2007126,Food,GCSE,D
1,3,2007080,Food,GCSE,D
1,3,2007186,Food,GCSE,D
1,3,2007177,Food,GCSE,D
1,3,2007097,Food,GCSE,D
1,3,2008277,Food,GCSE,D
1,3,2007150,French,GCSE,D
1,3,2007185,Geography,GCSE,D
1,3,2007110,Geography,GCSE,D
1,3,2007056,Geography,GCSE,D
1,3,2007043,Geography,GCSE,D
1,3,2007126,Geography,GCSE,D
1,3,2007184,Geography,GCSE,D
1,3,2007017,Geography,GCSE,D
1,3,2007112,Geography,GCSE,D
1,3,2007104,Geography,GCSE,D
1,3,2007083,Geography,GCSE,D
1,3,2007077,Geography,GCSE,D
1,3,2007097,Geography,GCSE,D
1,3,2007156,Geography,GCSE,D
1,3,2007129,Geography,GCSE,D
1,3,2007181,Geography,GCSE,D
1,3,2007095,History,GCSE,D
1,3,2007073,History,GCSE,D
1,3,2007211,History,GCSE,D
1,3,2007108,History,GCSE,D
1,3,2007206,History,GCSE,D
1,3,2007035,History,GCSE,D
1,3,2007131,History,GCSE,D
1,3,2007010,History,GCSE,D
1,3,2007081,History,GCSE,D
1,3,2007052,History,GCSE,D
1,3,2007063,History,GCSE,D
1,3,2007014,History,GCSE,D
1,3,2007083,History,GCSE,D
1,3,2007091,History,GCSE,D
1,3,2007162,History,GCSE,D
1,3,2007074,History,GCSE,D
1,3,2007032,History,GCSE,D
1,3,2007092,History,GCSE,D
1,3,2007181,History,GCSE,D
1,3,2007218,ICT GCSE,GCSE,D
1,3,3694,ICT GCSE,GCSE,D
1,3,2007102,ICT GCSE,GCSE,D
1,3,2007211,ICT GCSE,GCSE,D
1,3,2007212,ICT GCSE,GCSE,D
1,3,2007038,ICT GCSE,GCSE,D
1,3,2007222,ICT GCSE,GCSE,D
1,3,2007035,ICT GCSE,GCSE,D
1,3,2007078,ICT GCSE,GCSE,D
1,3,2007117,ICT GCSE,GCSE,D
1,3,2007150,ICT GCSE,GCSE,D
1,3,2007052,ICT GCSE,GCSE,D
1,3,2007116,ICT GCSE,GCSE,D
1,3,2007122,ICT GCSE,GCSE,D
1,3,2007001,ICT GCSE,GCSE,D
1,3,2007022,ICT GCSE,GCSE,D
1,3,2007182,ICT GCSE,GCSE,D
1,3,2007091,ICT GCSE,GCSE,D
1,3,2007041,ICT GCSE,GCSE,D
1,3,2007223,ICT GCSE,GCSE,D
1,3,2007113,ICT GCSE,GCSE,D
1,3,2008277,ICT GCSE,GCSE,D
1,3,2007185,Maths,GCSE,D
1,3,2007159,Maths,GCSE,D
1,3,2007110,Maths,GCSE,D
1,3,2007163,Maths,GCSE,D
1,3,2007225,Maths,GCSE,D
1,3,2007095,Maths,GCSE,D
1,3,2007056,Maths,GCSE,D
1,3,2007073,Maths,GCSE,D
1,3,2007211,Maths,GCSE,D
1,3,2007026,Maths,GCSE,D
1,3,2007153,Maths,GCSE,D
1,3,2007175,Maths,GCSE,D
1,3,2007038,Maths,GCSE,D
1,3,2007072,Maths,GCSE,D
1,3,2007108,Maths,GCSE,D
1,3,2007206,Maths,GCSE,D
1,3,2007115,Maths,GCSE,D
1,3,2007184,Maths,GCSE,D
1,3,2007010,Maths,GCSE,D
1,3,2007009,Maths,GCSE,D
1,3,2007070,Maths,GCSE,D
1,3,2007042,Maths,GCSE,D
1,3,3645,Maths,GCSE,D
1,3,2007157,Maths,GCSE,D
1,3,2007116,Maths,GCSE,D
1,3,2007094,Maths,GCSE,D
1,3,2007198,Maths,GCSE,D
1,3,2007017,Maths,GCSE,D
1,3,2007059,Maths,GCSE,D
1,3,2007135,Maths,GCSE,D
1,3,2007077,Maths,GCSE,D
1,3,2007213,Maths,GCSE,D
1,3,2007091,Maths,GCSE,D
1,3,2007207,Maths,GCSE,D
1,3,2007177,Maths,GCSE,D
1,3,2007103,Maths,GCSE,D
1,3,2007156,Maths,GCSE,D
1,3,2007027,Maths,GCSE,D
1,3,2007129,Maths,GCSE,D
1,3,2007096,Maths,GCSE,D
1,3,2007032,Maths,GCSE,D
1,3,2007204,Maths,GCSE,D
1,3,2007092,Maths,GCSE,D
1,3,2007189,Maths,GCSE,D
1,3,2007102,Product Design,GCSE,D
1,3,2007056,Product Design,GCSE,D
1,3,2007034,Product Design,GCSE,D
1,3,2007069,Product Design,GCSE,D
1,3,2007043,Product Design,GCSE,D
1,3,2007073,Product Design,GCSE,D
1,3,2007089,Product Design,GCSE,D
1,3,2007026,Product Design,GCSE,D
1,3,2007206,Product Design,GCSE,D
1,3,2007035,Product Design,GCSE,D
1,3,2007078,Product Design,GCSE,D
1,3,2007167,Product Design,GCSE,D
1,3,2007109,Product Design,GCSE,D
1,3,2007226,Product Design,GCSE,D
1,3,2007042,Product Design,GCSE,D
1,3,2007157,Product Design,GCSE,D
1,3,2007116,Product Design,GCSE,D
1,3,2007198,Product Design,GCSE,D
1,3,2007017,Product Design,GCSE,D
1,3,2007001,Product Design,GCSE,D
1,3,2007077,Product Design,GCSE,D
1,3,2007200,Product Design,GCSE,D
1,3,2007156,Product Design,GCSE,D
1,3,3666,Product Design,GCSE,D
1,3,2007129,Product Design,GCSE,D
1,3,2007016,Product Design,GCSE,D
1,3,2007032,Product Design,GCSE,D
1,3,2007092,Product Design,GCSE,D
1,3,2007105,Religious Studies,GCSE,D
1,3,2007224,Religious Studies,GCSE,D
1,3,2007102,Religious Studies,GCSE,D
1,3,2007095,Religious Studies,GCSE,D
1,3,2007056,Religious Studies,GCSE,D
1,3,2007073,Religious Studies,GCSE,D
1,3,2007211,Religious Studies,GCSE,D
1,3,2007089,Religious Studies,GCSE,D
1,3,2007026,Religious Studies,GCSE,D
1,3,2007153,Religious Studies,GCSE,D
1,3,2007072,Religious Studies,GCSE,D
1,3,2007206,Religious Studies,GCSE,D
1,3,2007035,Religious Studies,GCSE,D
1,3,2007078,Religious Studies,GCSE,D
1,3,2007115,Religious Studies,GCSE,D
1,3,2007167,Religious Studies,GCSE,D
1,3,2007117,Religious Studies,GCSE,D
1,3,2007150,Religious Studies,GCSE,D
1,3,2007131,Religious Studies,GCSE,D
1,3,2007144,Religious Studies,GCSE,D
1,3,2007184,Religious Studies,GCSE,D
1,3,2007050,Religious Studies,GCSE,D
1,3,2007010,Religious Studies,GCSE,D
1,3,2007009,Religious Studies,GCSE,D
1,3,2007174,Religious Studies,GCSE,D
1,3,2007109,Religious Studies,GCSE,D
1,3,2007081,Religious Studies,GCSE,D
1,3,3668,Religious Studies,GCSE,D
1,3,2007042,Religious Studies,GCSE,D
1,3,2007094,Religious Studies,GCSE,D
1,3,2007198,Religious Studies,GCSE,D
1,3,2007170,Religious Studies,GCSE,D
1,3,2007059,Religious Studies,GCSE,D
1,3,2007022,Religious Studies,GCSE,D
1,3,2007015,Religious Studies,GCSE,D
1,3,2007135,Religious Studies,GCSE,D
1,3,2007077,Religious Studies,GCSE,D
1,3,2007200,Religious Studies,GCSE,D
1,3,2007091,Religious Studies,GCSE,D
1,3,2007103,Religious Studies,GCSE,D
1,3,2007049,Religious Studies,GCSE,D
1,3,2007057,Religious Studies,GCSE,D
1,3,2007074,Religious Studies,GCSE,D
1,3,2007156,Religious Studies,GCSE,D
1,3,2007129,Religious Studies,GCSE,D
1,3,2007096,Religious Studies,GCSE,D
1,3,2007204,Religious Studies,GCSE,D
1,3,2007092,Religious Studies,GCSE,D
1,3,2007218,Science,GCSE,D
1,3,2007199,Science,GCSE,D
1,3,2007073,Science,GCSE,D
1,3,2007035,Science,GCSE,D
1,3,2007167,Science,GCSE,D
1,3,2007109,Science,GCSE,D
1,3,2007226,Science,GCSE,D
1,3,2007198,Science,GCSE,D
1,3,2007059,Science,GCSE,D
1,3,2007200,Science,GCSE,D
1,3,2007207,Science,GCSE,D
1,3,2007103,Science,GCSE,D
1,3,2007057,Science,GCSE,D
1,3,2007129,Science,GCSE,D
1,3,2007264,Science,GCSE,D
1,3,2007064,Science,GCSE,D
1,3,2007204,Science,GCSE,D
1,3,2007110,Sports Studies,GCSE,D
1,3,2007171,Sports Studies,GCSE,D
1,3,2007212,Sports Studies,GCSE,D
1,3,2007206,Sports Studies,GCSE,D
1,3,2007167,Sports Studies,GCSE,D
1,3,2007050,Sports Studies,GCSE,D
1,3,2007020,Sports Studies,GCSE,D
1,3,2007198,Sports Studies,GCSE,D
1,3,2007077,Sports Studies,GCSE,D
1,3,2007041,Sports Studies,GCSE,D
1,3,2007090,Sports Studies,GCSE,D
1,3,2007032,Sports Studies,GCSE,D
1,3,2007223,Sports Studies,GCSE,D
1,3,2007159,Textiles,GCSE,D
1,3,3668,Textiles,GCSE,D
1,3,2007213,Textiles,GCSE,D
1,3,3694,Applied Science,GCSE,E
1,3,2007048,Applied Science,GCSE,E
1,3,2007121,Applied Science,GCSE,E
1,3,2007206,Applied Science,GCSE,E
1,3,2007205,Applied Science,GCSE,E
1,3,2007017,Applied Science,GCSE,E
1,3,2007001,Applied Science,GCSE,E
1,3,2007069,Art,GCSE,E
1,3,2007026,Art,GCSE,E
1,3,2007221,Art,GCSE,E
1,3,2007072,Art,GCSE,E
1,3,2007017,Art,GCSE,E
1,3,2007026,Business Studies,GCSE,E
1,3,2007072,Business Studies,GCSE,E
1,3,2007078,Business Studies,GCSE,E
1,3,2007081,Business Studies,GCSE,E
1,3,2007017,Business Studies,GCSE,E
1,3,2007223,Business Studies,GCSE,E
1,3,3694,English Lang,GCSE,E
1,3,2007089,English Lang,GCSE,E
1,3,2007035,English Lang,GCSE,E
1,3,2007078,English Lang,GCSE,E
1,3,2007122,English Lang,GCSE,E
1,3,2007001,English Lang,GCSE,E
1,3,2007177,English Lang,GCSE,E
1,3,2007027,English Lang,GCSE,E
1,3,2007016,English Lang,GCSE,E
1,3,2008277,English Lang,GCSE,E
1,3,2007049,Food,GCSE,E
1,3,2007035,Geography,GCSE,E
1,3,2007020,Geography,GCSE,E
1,3,2007089,History,GCSE,E
1,3,2007117,History,GCSE,E
1,3,2007193,History,GCSE,E
1,3,2007116,History,GCSE,E
1,3,2007177,History,GCSE,E
1,3,2007027,History,GCSE,E
1,3,2007113,History,GCSE,E
1,3,2008277,History,GCSE,E
1,3,2007026,ICT GCSE,GCSE,E
1,3,2007008,ICT GCSE,GCSE,E
1,3,2007092,ICT GCSE,GCSE,E
1,3,2007105,Maths,GCSE,E
1,3,2007214,Maths,GCSE,E
1,3,2007102,Maths,GCSE,E
1,3,2007069,Maths,GCSE,E
1,3,2007089,Maths,GCSE,E
1,3,2007210,Maths,GCSE,E
1,3,2007176,Maths,GCSE,E
1,3,2007212,Maths,GCSE,E
1,3,2007222,Maths,GCSE,E
1,3,2007078,Maths,GCSE,E
1,3,2007117,Maths,GCSE,E
1,3,2007226,Maths,GCSE,E
1,3,2007081,Maths,GCSE,E
1,3,3668,Maths,GCSE,E
1,3,2007052,Maths,GCSE,E
1,3,2007020,Maths,GCSE,E
1,3,3669,Maths,GCSE,E
1,3,2007005,Maths,GCSE,E
1,3,2007001,Maths,GCSE,E
1,3,2007112,Maths,GCSE,E
1,3,2007022,Maths,GCSE,E
1,3,2007182,Maths,GCSE,E
1,3,2007200,Maths,GCSE,E
1,3,2007166,Maths,GCSE,E
1,3,2007049,Maths,GCSE,E
1,3,2007074,Maths,GCSE,E
1,3,3666,Maths,GCSE,E
1,3,2007223,Maths,GCSE,E
1,3,2007212,Product Design,GCSE,E
1,3,2007038,Product Design,GCSE,E
1,3,2007222,Product Design,GCSE,E
1,3,2007117,Product Design,GCSE,E
1,3,3669,Product Design,GCSE,E
1,3,2007122,Product Design,GCSE,E
1,3,2007005,Product Design,GCSE,E
1,3,2007027,Product Design,GCSE,E
1,3,2007223,Product Design,GCSE,E
1,3,2007218,Religious Studies,GCSE,E
1,3,2007110,Religious Studies,GCSE,E
1,3,2007210,Religious Studies,GCSE,E
1,3,2007038,Religious Studies,GCSE,E
1,3,2007108,Religious Studies,GCSE,E
1,3,2007193,Religious Studies,GCSE,E
1,3,2007020,Religious Studies,GCSE,E
1,3,2007017,Religious Studies,GCSE,E
1,3,2007001,Religious Studies,GCSE,E
1,3,2007213,Religious Studies,GCSE,E
1,3,2007177,Religious Studies,GCSE,E
1,3,3666,Religious Studies,GCSE,E
1,3,2007027,Religious Studies,GCSE,E
1,3,2007032,Religious Studies,GCSE,E
1,3,2007223,Religious Studies,GCSE,E
1,3,2008277,Religious Studies,GCSE,E
1,3,2007095,Science,GCSE,E
1,3,2007089,Science,GCSE,E
1,3,2007026,Science,GCSE,E
1,3,2007108,Science,GCSE,E
1,3,2007009,Science,GCSE,E
1,3,3668,Science,GCSE,E
1,3,2007042,Science,GCSE,E
1,3,2007094,Science,GCSE,E
1,3,2007077,Science,GCSE,E
1,3,3666,Science,GCSE,E
1,3,2007092,Science,GCSE,E
1,3,2008277,Science,GCSE,E
1,3,2007038,Sports Studies,GCSE,E
1,3,3669,Sports Studies,GCSE,E
1,3,2007001,Sports Studies,GCSE,E
1,3,2007092,Sports Studies,GCSE,E
1,3,3694,Textiles,GCSE,E
1,3,2007008,Applied Science,GCSE,F
1,3,2007078,Art,GCSE,F
1,3,2007008,Art,GCSE,F
1,3,2007177,Art,GCSE,F
1,3,2007211,English Lang,GCSE,F
1,3,2007212,English Lang,GCSE,F
1,3,2007117,English Lang,GCSE,F
1,3,2007008,English Lang,GCSE,F
1,3,2007025,English Lang,GCSE,F
1,3,2007008,History,GCSE,F
1,3,3694,Maths,GCSE,F
1,3,2007193,Maths,GCSE,F
1,3,2007122,Maths,GCSE,F
1,3,2007008,Maths,GCSE,F
1,3,2007025,Maths,GCSE,F
1,3,2007016,Maths,GCSE,F
1,3,2007113,Maths,GCSE,F
1,3,2008277,Maths,GCSE,F
1,3,2007226,Music,GCSE,F
1,3,2007211,Product Design,GCSE,F
1,3,2007008,Product Design,GCSE,F
1,3,2007166,Product Design,GCSE,F
1,3,3694,Religious Studies,GCSE,F
1,3,2007212,Religious Studies,GCSE,F
1,3,2007222,Religious Studies,GCSE,F
1,3,3669,Religious Studies,GCSE,F
1,3,2007005,Religious Studies,GCSE,F
1,3,2007166,Religious Studies,GCSE,F
1,3,2007016,Religious Studies,GCSE,F
1,3,2007113,Religious Studies,GCSE,F
1,3,2007105,Science,GCSE,F
1,3,2007222,Science,GCSE,F
1,3,2007078,Science,GCSE,F
1,3,3669,Science,GCSE,F
1,3,2007122,Science,GCSE,F
1,3,2007005,Science,GCSE,F
1,3,2007049,Science,GCSE,F
1,3,2007074,Science,GCSE,F
1,3,2007156,Science,GCSE,F
1,3,2007016,Science,GCSE,F
1,3,2007223,Science,GCSE,F
1,3,2007113,Science,GCSE,F
1,3,2007212,Art,GCSE,G
1,3,2007226,English Lang,GCSE,G
1,3,2007166,English Lang,GCSE,G
1,3,2007166,Applied Science,GCSE,U
1,3,2007201,Art,GCSE,U
1,3,2007025,Art,GCSE,U
1,3,2007166,Art,GCSE,U
1,3,2007166,ICT GCSE,GCSE,U
1,3,2007008,Religious Studies,GCSE,U
1,3,2007025,Science,GCSE,U
1,3,2007166,Sports Studies,GCSE,U
1,3,2007201,ICT GCSE,GCSE,X
1,3,2007214,ICT GCSE,GCSE,X
1,3,2007121,ICT GCSE,GCSE,X
1,3,2007025,ICT GCSE,GCSE,X
