3642,Core Science,b10CSC-H
3642,English,b10ENG-YH
3642,English Literature,b10ENG-YH
3642,Geography,b10GEOG-1
3642,History,b10HIST-2
3642,Hospitality and Catering,b10HC-Y1
3642,Maths,b10MA-YMAN
3642,Religious Studies,b10RS-YH
3642,Sports Studies,b10SPO-3
3691,Core Science,b10CSC-C
3691,English,b10ENG-XB
3691,English Literature,b10ENG-XB
3691,Hospitality and Catering,b10HC-X1
3691,Maths,b10MA-XFIB
3691,Media Studies,b10MS-1
3691,Religious Studies,b10RS-XB
3691,Vehicle Maintenance and Repair,b10VMR
3700,Core Science,b10CSC-H
3700,English,b10ENG-YJ
3700,English Literature,b10ENG-YJ
3700,Health and Social Care,b10HSC-3
3700,History,b10HIST-1b
3700,Hospitality and Catering,b10HC-Y1
3700,Information Communication Technology,b10ICT-2
3700,Maths,b10MA-YPYT
3700,Religious Studies,b10RS-YJ
3701,Biology,b10TSC-G
3701,Business Studies,b10BST
3701,Chemistry,b10TSC-G
3701,Drama,b10DRA-3
3701,English,b10ENG-YF
3701,English Literature,b10ENG-YF
3701,History,b10HIST-1a
3701,Information Communication Technology,b10ICT-5
3701,Maths,b10MA-YEUL
3701,Physics,b10TSC-G
3701,Religious Studies,b10RS-YF
3703,Basic Construction Skills,b10CONS
3703,BTEC Science,b10BSC-E
3703,English,b10ENG-XA
3703,English Literature,b10ENG-XA
3703,Information Communication Technology,b10ICT-2
3703,Maths,b10MA-XPYT
3703,Religious Studies,b10RS-XA
3703,Sports Studies,b10SPO-3
3703,Technology Product Design,b10PD-X1
3707,Art,b10ART-3
3707,Business Studies,b10BST
3707,Core Science,b10CSC-I
3707,English,b10ENG-XD
3707,English Literature,b10ENG-XD
3707,Maths,b10MA-XMAN
3707,Religious Studies,b10RS-XD
3707,Sports Studies,b10SPO-1
3707,Technology Product Design,b10PD-Y1
3709,Art,b10ART-1
3709,Biology,b10TSC-G
3709,Business Studies,b10BST
3709,Chemistry,b10TSC-G
3709,English,b10ENG-XA
3709,English Literature,b10ENG-XA
3709,History,b10HIST-3
3709,Maths,b10MA-XGAU
3709,Physics,b10TSC-G
3709,Religious Studies,b10RS-XA
3709,Technology Textiles,b10TEXT-Y1
3710,Art,b10ART-3
3710,BTEC Science,b10BSC-E
3710,English,b10ENG-XA
3710,English Literature,b10ENG-XA
3710,Maths,b10MA-XFIB
3710,Religious Studies,b10RS-XA
3710,Salon Services,b10SS
3710,Technology Food,b10FOOD-X1
3710,Travel and Tourism,b10TT
3714,BTEC Science,b10BSC-E
3714,Drama,b10DRA-3
3714,English,b10ENG-XD
3714,English Literature,b10ENG-XD
3714,Maths,b10MA-XPYT
3714,Media Studies,b10MS-2
3714,Religious Studies,b10RS-XD
3714,Salon Services,b10SS
3714,Technology Textiles,b10TEXT-X1
2008001,Business Studies,b10BST
2008001,Core Science,b10CSC-C
2008001,English,b10ENG-XE
2008001,English Literature,b10ENG-XE
2008001,Health and Social Care,b10HSC-1
2008001,History,b10HIST-3
2008001,Maths,b10MA-XEUL
2008001,Religious Studies,b10RS-XE
2008001,Technology Food,b10FOOD-X1
2008002,Core Science,b10CSC-I
2008002,English,b10ENG-YF
2008002,English Literature,b10ENG-YF
2008002,Health and Social Care,b10HSC-1
2008002,Information Communication Technology,b10ICT-2
2008002,Maths,b10MA-YFIB
2008002,Religious Studies,b10RS-YF
2008002,Technology Textiles,b10TEXT-Y1
2008003,Art,b10ART-2
2008003,Core Science,b10CSC-I
2008003,English,b10ENG-YI
2008003,English Literature,b10ENG-YI
2008003,Health and Social Care,b10HSC-1
2008003,Maths,b10MA-YFIB
2008003,Religious Studies,b10RS-YI
2008003,Sports Studies,b10SPO-3
2008003,Technology Textiles,b10TEXT-Y1
2008004,Biology,b10TSC-G
2008004,Chemistry,b10TSC-G
2008004,English,b10ENG-YG
2008004,English Literature,b10ENG-YG
2008004,Geography,b10GEOG-3
2008004,History,b10HIST-1a
2008004,Information Communication Technology,b10ICT-5
2008004,Maths,b10MA-YPYT
2008004,Media Studies,b10MS-2
2008004,Physics,b10TSC-G
2008004,Religious Studies,b10RS-YG
2008006,Biology,b10TSC-F
2008006,BTEC Music,b10BTMUS
2008006,Chemistry,b10TSC-F
2008006,English,b10ENG-YJ
2008006,English Literature,b10ENG-YJ
2008006,History,b10HIST-1b
2008006,Information Communication Technology,b10ICT-5
2008006,Maths,b10MA-YGAU
2008006,Media Studies,b10MS-3
2008006,Physics,b10TSC-F
2008006,Religious Studies,b10RS-YJ
2008007,Biology,b10TSC-F
2008007,Chemistry,b10TSC-F
2008007,English,b10ENG-YJ
2008007,English Literature,b10ENG-YJ
2008007,Geography,b10GEOG-3
2008007,History,b10HIST-1a
2008007,Hospitality and Catering,b10HC-Y1
2008007,Maths,b10MA-YMAN
2008007,Physics,b10TSC-F
2008007,Religious Studies,b10RS-YJ
2008007,Sports Studies,b10SPO-2
2008008,Biology,b10TSC-F
2008008,Chemistry,b10TSC-F
2008008,English,b10ENG-YI
2008008,English Literature,b10ENG-YI
2008008,FMA Performing Engineering Operations,b10FMA
2008008,Information Communication Technology,b10ICT-2
2008008,Maths,b10MA-YGAU
2008008,Physics,b10TSC-F
2008008,Religious Studies,b10RS-YI
2008008,Sports Studies,b10SPO-1
2008009,Core Science,b10CSC-H
2008009,English,b10ENG-YF
2008009,English Literature,b10ENG-YF
2008009,FMA Performing Engineering Operations,b10FMA
2008009,Geography,b10GEOG-1
2008009,Information Communication Technology,b10ICT-2
2008009,Maths,b10MA-YPYT
2008009,Religious Studies,b10RS-YF
2008010,Art,b10ART-2
2008010,Biology,b10TSC-G
2008010,Chemistry,b10TSC-G
2008010,English,b10ENG-YG
2008010,English Literature,b10ENG-YG
2008010,Information Communication Technology,b10ICT-3
2008010,Maths,b10MA-YMAN
2008010,Physics,b10TSC-G
2008010,Religious Studies,b10RS-YG
2008010,Sports Studies,b10SPO-1
2008010,Technology Textiles,b10TEXT-Y1
2008011,Core Science,b10CSC-H
2008011,English,b10ENG-YH
2008011,English Literature,b10ENG-YH
2008011,Information Communication Technology,b10ICT-5
2008011,Maths,b10MA-YFIB
2008011,Religious Studies,b10RS-YH
2008011,Sports Studies,b10SPO-1
2008011,Vehicle Maintenance and Repair,b10VMR
2008012,Biology,b10TSC-G
2008012,Chemistry,b10TSC-G
2008012,English,b10ENG-YH
2008012,English Literature,b10ENG-YH
2008012,Geography,b10GEOG-3
2008012,History,b10HIST-1a
2008012,Maths,b10MA-YEUL
2008012,Physics,b10TSC-G
2008012,Religious Studies,b10RS-YH
2008012,Sports Studies,b10SPO-2
2008012,Technology Product Design,b10PD-Y2
2008013,Core Science,b10CSC-H
2008013,English,b10ENG-XB
2008013,English Literature,b10ENG-XB
2008013,Maths,b10MA-XMAN
2008013,Media Studies,b10MS-1
2008013,Religious Studies,b10RS-XB
2008013,Technology Product Design,b10PD-Y1
2008013,Vehicle Maintenance and Repair,b10VMR
2008014,Biology,b10TSC-F
2008014,Chemistry,b10TSC-F
2008014,English,b10ENG-YJ
2008014,English Literature,b10ENG-YJ
2008014,FMA Performing Engineering Operations,b10FMA
2008014,History,b10HIST-1a
2008014,Maths,b10MA-YEUL
2008014,Media Studies,b10MS-2
2008014,Physics,b10TSC-F
2008014,Religious Studies,b10RS-YJ
2008015,Biology,b10TSC-B
2008015,Chemistry,b10TSC-B
2008015,Drama,b10DRA-3
2008015,English,b10ENG-YI
2008015,English Literature,b10ENG-YI
2008015,History,b10HIST-1a
2008015,Information Communication Technology,b10ICT-2
2008015,Maths,b10MA-YGAU
2008015,Physics,b10TSC-B
2008015,Religious Studies,b10RS-YI
2008015,Technology Textiles,b10TEXT-X1
2008016,Basic Construction Skills,b10CONS
2008016,BTEC Science,b10BSC-E
2008016,Business Studies,b10BST
2008016,English,b10ENG-XB
2008016,English Literature,b10ENG-XB
2008016,Maths,b10MA-XEUL
2008016,Religious Studies,b10RS-XB
2008016,Sports Studies,b10SPO-3
2008016,Technology Product Design,b10PD-X1
2008017,Biology,b10TSC-F
2008017,BTEC Music,b10BTMUS
2008017,Chemistry,b10TSC-F
2008017,Drama,b10DRA-3
2008017,English,b10ENG-XB
2008017,English Literature,b10ENG-XB
2008017,German,b10GER-1
2008017,Maths,b10MA-XEUL
2008017,Physics,b10TSC-F
2008017,Religious Studies,b10RS-XB
2008017,Technology Product Design,b10PD-Y2
2008019,Art,b10ART-3
2008019,Biology,b10TSC-A
2008019,BTEC Music,b10BTMUS
2008019,Chemistry,b10TSC-A
2008019,English,b10ENG-XA
2008019,English Literature,b10ENG-XA
2008019,History,b10HIST-1a
2008019,Maths,b10MA-XMAN
2008019,Physics,b10TSC-A
2008019,Religious Studies,b10RS-XA
2008019,Technology Textiles,b10TEXT-X1
2008020,Art,b10ART-2
2008020,Biology,b10TSC-B
2008020,Chemistry,b10TSC-B
2008020,English,b10ENG-XA
2008020,English Literature,b10ENG-XA
2008020,German,b10GER-1
2008020,History,b10HIST-3
2008020,Maths,b10MA-XGAU
2008020,Physics,b10TSC-B
2008020,Religious Studies,b10RS-XA
2008020,Technology Product Design,b10PD-X1
2008022,Core Science,b10CSC-H
2008022,English,b10ENG-YF
2008022,English Literature,b10ENG-YF
2008022,Geography,b10GEOG-3
2008022,History,b10HIST-1a
2008022,Maths,b10MA-YPYT
2008022,Media Studies,b10MS-2
2008022,Religious Studies,b10RS-YF
2008022,Technology Textiles,b10TEXT-Y1
2008023,Biology,b10TSC-G
2008023,Chemistry,b10TSC-G
2008023,English,b10ENG-YI
2008023,English Literature,b10ENG-YI
2008023,FMA Performing Engineering Operations,b10FMA
2008023,History,b10HIST-1a
2008023,Maths,b10MA-YGAU
2008023,Physics,b10TSC-G
2008023,Religious Studies,b10RS-YI
2008023,Sports Studies,b10SPO-2
2008024,Basic Construction Skills,b10CONS
2008024,BTEC Science,b10BSC-D
2008024,English,b10ENG-XE
2008024,English Literature,b10ENG-XE
2008024,Geography,b10GEOG-3
2008024,Maths,b10MA-XMAN
2008024,Religious Studies,b10RS-XE
2008024,Sports Studies,b10SPO-2
2008024,Technology Product Design,b10PD-X1
2008026,Biology,b10TSC-F
2008026,Chemistry,b10TSC-F
2008026,Drama,b10DRA-2
2008026,English,b10ENG-YJ
2008026,English Literature,b10ENG-YJ
2008026,FMA Performing Engineering Operations,b10FMA
2008026,History,b10HIST-1a
2008026,Maths,b10MA-YGAU
2008026,Physics,b10TSC-F
2008026,Religious Studies,b10RS-YJ
2008027,Biology,b10TSC-F
2008027,Business Studies,b10BST
2008027,Chemistry,b10TSC-F
2008027,English,b10ENG-YH
2008027,English Literature,b10ENG-YH
2008027,FMA Performing Engineering Operations,b10FMA
2008027,Maths,b10MA-YEUL
2008027,Physics,b10TSC-F
2008027,Religious Studies,b10RS-YH
2008027,Sports Studies,b10SPO-1
2008028,Biology,b10TSC-B
2008028,Business Studies,b10BST
2008028,Chemistry,b10TSC-B
2008028,English,b10ENG-YF
2008028,English Literature,b10ENG-YF
2008028,Geography,b10GEOG-3
2008028,Maths,b10MA-YGAU
2008028,Media Studies,b10MS-1
2008028,Physics,b10TSC-B
2008028,Religious Studies,b10RS-YF
2008028,Technology Textiles,b10TEXT-X1
2008029,Art,b10ART-1
2008029,Biology,b10TSC-B
2008029,Chemistry,b10TSC-B
2008029,English,b10ENG-YH
2008029,English Literature,b10ENG-YH
2008029,Health and Social Care,b10HSC-3
2008029,Information Communication Technology,b10ICT-4
2008029,Maths,b10MA-YGAU
2008029,Physics,b10TSC-B
2008029,Religious Studies,b10RS-YH
2008029,Sports Studies,b10SPO-2
2008030,BTEC Music,b10BTMUS
2008030,Core Science,b10CSC-H
2008030,English,b10ENG-XD
2008030,English Literature,b10ENG-XD
2008030,Geography,b10GEOG-3
2008030,History,b10HIST-1b
2008030,Information Communication Technology,b10ICT-5
2008030,Maths,b10MA-XPYT
2008030,Religious Studies,b10RS-XD
2008031,Business Studies,b10BST
2008031,Core Science,b10CSC-H
2008031,English,b10ENG-YI
2008031,English Literature,b10ENG-YI
2008031,Geography,b10GEOG-1
2008031,Maths,b10MA-YPYT
2008031,Media Studies,b10MS-3
2008031,Religious Studies,b10RS-YI
2008031,Technology Product Design,b10PD-Y1
2008032,BTEC Science,b10BSC-D
2008032,English,b10ENG-XD
2008032,English Literature,b10ENG-XD
2008032,Geography,b10GEOG-3
2008032,Hospitality and Catering,b10HC-X1
2008032,Maths,b10MA-XMAN
2008032,Religious Studies,b10RS-XD
2008032,Salon Services,b10SS
2008032,Travel and Tourism,b10TT
2008033,Basic Construction Skills,b10CONS
2008033,BTEC Science,b10BSC-E
2008033,Business Studies,b10BST
2008033,English,b10ENG-XA
2008033,English Literature,b10ENG-XA
2008033,Maths,b10MA-XEUL
2008033,Religious Studies,b10RS-XA
2008033,Sports Studies,b10SPO-3
2008033,Technology Product Design,b10PD-X1
2008034,Art,b10ART-2
2008034,Biology,b10TSC-B
2008034,Chemistry,b10TSC-B
2008034,English,b10ENG-XD
2008034,English Literature,b10ENG-XD
2008034,French,b10FRE-1
2008034,History,b10HIST-3
2008034,Maths,b10MA-XGAU
2008034,Physics,b10TSC-B
2008034,Religious Studies,b10RS-XD
2008034,Technology Product Design,b10PD-X1
2008035,Biology,b10TSC-F
2008035,Chemistry,b10TSC-F
2008035,English,b10ENG-YG
2008035,English Literature,b10ENG-YG
2008035,FMA Performing Engineering Operations,b10FMA
2008035,History,b10HIST-1a
2008035,Maths,b10MA-YGAU
2008035,Physics,b10TSC-F
2008035,Religious Studies,b10RS-YG
2008035,Sports Studies,b10SPO-2
2008037,Art,b10ART-1
2008037,Biology,b10TSC-G
2008037,Chemistry,b10TSC-G
2008037,English,b10ENG-YG
2008037,English Literature,b10ENG-YG
2008037,FMA Performing Engineering Operations,b10FMA
2008037,Maths,b10MA-YEUL
2008037,Physics,b10TSC-G
2008037,Religious Studies,b10RS-YG
2008037,Sports Studies,b10SPO-2
2008039,Core Science,b10CSC-I
2008039,English,b10ENG-YI
2008039,English Literature,b10ENG-YI
2008039,Information Communication Technology,b10ICT-3
2008039,Maths,b10MA-YPYT
2008039,Media Studies,b10MS-1
2008039,Religious Studies,b10RS-YI
2008039,Technology Product Design,b10PD-Y1
2008039,Travel and Tourism,b10TT
2008040,Core Science,b10CSC-C
2008040,English,b10ENG-XB
2008040,English Literature,b10ENG-XB
2008040,Hospitality and Catering,b10HC-X1
2008040,Information Communication Technology,b10ICT-2
2008040,Maths,b10MA-XMAN
2008040,Media Studies,b10MS-1
2008040,Religious Studies,b10RS-XB
2008040,Sports Studies,b10SPO-3
2008041,Basic Construction Skills,b10CONS
2008041,BTEC Science,b10BSC-D
2008041,English,b10ENG-XC
2008041,English Literature,b10ENG-XC
2008041,Maths,b10MA-XPYT
2008041,Religious Studies,b10RS-XC
2008041,Sports Studies,b10SPO-3
2008041,Technology Product Design,b10PD-X1
2008041,Travel and Tourism,b10TT
2008043,Biology,b10TSC-B
2008043,Chemistry,b10TSC-B
2008043,English,b10ENG-YJ
2008043,English Literature,b10ENG-YJ
2008043,Geography,b10GEOG-1
2008043,Information Communication Technology,b10ICT-3
2008043,Maths,b10MA-YEUL
2008043,Physics,b10TSC-B
2008043,Religious Studies,b10RS-YJ
2008043,Technology Product Design,b10PD-X1
2008043,Travel and Tourism,b10TT
2008044,BTEC Science,b10BSC-E
2008044,Child Care,b10CC
2008044,English,b10ENG-XE
2008044,English Literature,b10ENG-XE
2008044,Maths,b10MA-XMAN
2008044,Media Studies,b10MS-3
2008044,Religious Studies,b10RS-XE
2008044,Salon Services,b10SS
2008044,Technology Textiles,b10TEXT-X1
2008046,Biology,b10TSC-A
2008046,Chemistry,b10TSC-A
2008046,English,b10ENG-XA
2008046,English Literature,b10ENG-XA
2008046,Geography,b10GEOG-3
2008046,German,b10GER-1
2008046,Maths,b10MA-XEUL
2008046,Physics,b10TSC-A
2008046,Religious Studies,b10RS-XA
2008046,Sports Studies,b10SPO-2
2008046,Technology Product Design,b10PD-X1
2008047,Art,b10ART-2
2008047,Biology,b10TSC-A
2008047,Chemistry,b10TSC-A
2008047,English,b10ENG-YF
2008047,English Literature,b10ENG-YF
2008047,History,b10HIST-1b
2008047,Information Communication Technology,b10ICT-4
2008047,Maths,b10MA-YEUL
2008047,Physics,b10TSC-A
2008047,Religious Studies,b10RS-YF
2008047,Sports Studies,b10SPO-3
2008048,Biology,b10TSC-A
2008048,Chemistry,b10TSC-A
2008048,English,b10ENG-XA
2008048,English Literature,b10ENG-XA
2008048,Geography,b10GEOG-1
2008048,Information Communication Technology,b10ICT-2
2008048,Maths,b10MA-XGAU
2008048,Physics,b10TSC-A
2008048,Religious Studies,b10RS-XA
2008048,Sports Studies,b10SPO-3
2008048,Technology Product Design,b10PD-X1
2008049,Art,b10ART-3
2008049,Biology,b10TSC-A
2008049,Chemistry,b10TSC-A
2008049,English,b10ENG-YI
2008049,English Literature,b10ENG-YI
2008049,Geography,b10GEOG-1
2008049,Maths,b10MA-YGAU
2008049,Media Studies,b10MS-2
2008049,Physics,b10TSC-A
2008049,Religious Studies,b10RS-YI
2008049,Technology Textiles,b10TEXT-X1
2008050,Biology,b10TSC-A
2008050,Chemistry,b10TSC-A
2008050,English,b10ENG-YH
2008050,English Literature,b10ENG-YH
2008050,Geography,b10GEOG-3
2008050,History,b10HIST-1a
2008050,Information Communication Technology,b10ICT-4
2008050,Maths,b10MA-YGAU
2008050,Physics,b10TSC-A
2008050,Religious Studies,b10RS-YH
2008050,Sports Studies,b10SPO-2
2008051,Biology,b10TSC-B
2008051,Business Studies,b10BST
2008051,Chemistry,b10TSC-B
2008051,English,b10ENG-YI
2008051,English Literature,b10ENG-YI
2008051,History,b10HIST-1a
2008051,Information Communication Technology,b10ICT-4
2008051,Maths,b10MA-YGAU
2008051,Media Studies,b10MS-3
2008051,Physics,b10TSC-B
2008051,Religious Studies,b10RS-YI
2008052,Basic Construction Skills,b10CONS
2008052,BTEC Science,b10BSC-E
2008052,English,b10ENG-XC
2008052,English Literature,b10ENG-XC
2008052,Maths,b10MA-XPYT
2008052,Media Studies,b10MS-3
2008052,Religious Studies,b10RS-XC
2008052,Sports Studies,b10SPO-2
2008052,Technology Product Design,b10PD-X1
2008053,Biology,b10TSC-G
2008053,Chemistry,b10TSC-G
2008053,English,b10ENG-YG
2008053,English Literature,b10ENG-YG
2008053,History,b10HIST-3
2008053,Hospitality and Catering,b10HC-Y1
2008053,Information Communication Technology,b10ICT-2
2008053,Maths,b10MA-YEUL
2008053,Media Studies,b10MS-1
2008053,Physics,b10TSC-G
2008053,Religious Studies,b10RS-YG
2008054,Biology,b10TSC-F
2008054,BTEC Music,b10BTMUS
2008054,Chemistry,b10TSC-F
2008054,English,b10ENG-XE
2008054,English Literature,b10ENG-XE
2008054,History,b10HIST-1b
2008054,Maths,b10MA-XEUL
2008054,Media Studies,b10MS-3
2008054,Physics,b10TSC-F
2008054,Religious Studies,b10RS-XE
2008054,Technology Product Design,b10PD-Y2
2008055,Art,b10ART-3
2008055,Biology,b10TSC-A
2008055,Chemistry,b10TSC-A
2008055,English,b10ENG-YH
2008055,English Literature,b10ENG-YH
2008055,History,b10HIST-1a
2008055,Information Communication Technology,b10ICT-2
2008055,Maths,b10MA-YGAU
2008055,Physics,b10TSC-A
2008055,Religious Studies,b10RS-YH
2008055,Technology Textiles,b10TEXT-X1
2008056,Art,b10ART-1
2008056,Child Care,b10CC
2008056,Core Science,b10CSC-H
2008056,English,b10ENG-YF
2008056,English Literature,b10ENG-YF
2008056,Health and Social Care,b10HSC-3
2008056,Maths,b10MA-YEUL
2008056,Religious Studies,b10RS-YF
2008056,Technology Product Design,b10PD-Y2
2008057,Basic Construction Skills,b10CONS
2008057,BTEC Science,b10BSC-E
2008057,English,b10ENG-XB
2008057,English Literature,b10ENG-XB
2008057,Maths,b10MA-XFIB
2008057,Religious Studies,b10RS-XB
2008057,Sports Studies,b10SPO-2
2008057,Technology Product Design,b10PD-X1
2008058,Biology,b10TSC-B
2008058,Chemistry,b10TSC-B
2008058,English,b10ENG-YH
2008058,English Literature,b10ENG-YH
2008058,French,b10FRE-1
2008058,Geography,b10GEOG-3
2008058,History,b10HIST-2
2008058,Maths,b10MA-YGAU
2008058,Physics,b10TSC-B
2008058,Religious Studies,b10RS-YH
2008058,Technology Food,b10FOOD-X1
2008059,Biology,b10TSC-G
2008059,Chemistry,b10TSC-G
2008059,English,b10ENG-XE
2008059,English Literature,b10ENG-XE
2008059,History,b10HIST-2
2008059,Maths,b10MA-XEUL
2008059,Media Studies,b10MS-1
2008059,Physics,b10TSC-G
2008059,Religious Studies,b10RS-XE
2008059,Sports Studies,b10SPO-3
2008059,Technology Product Design,b10PD-Y1
2008060,BTEC Science,b10BSC-E
2008060,English,b10ENG-YJ
2008060,English Literature,b10ENG-YJ
2008060,Health and Social Care,b10HSC-3
2008060,History,b10HIST-2
2008060,Hospitality and Catering,b10HC-X1
2008060,Maths,b10MA-YEUL
2008060,Religious Studies,b10RS-YJ
2008060,Salon Services,b10SS
2008061,Biology,b10TSC-G
2008061,Business Studies,b10BST
2008061,Chemistry,b10TSC-G
2008061,English,b10ENG-YG
2008061,English Literature,b10ENG-YG
2008061,FMA Performing Engineering Operations,b10FMA
2008061,Geography,b10GEOG-1
2008061,Maths,b10MA-YGAU
2008061,Physics,b10TSC-G
2008061,Religious Studies,b10RS-YG
2008062,Art,b10ART-1
2008062,Core Science,b10CSC-H
2008062,English,b10ENG-YH
2008062,English Literature,b10ENG-YH
2008062,Maths,b10MA-YPYT
2008062,Religious Studies,b10RS-YH
2008062,Technology Product Design,b10PD-Y2
2008062,Vehicle Maintenance and Repair,b10VMR
2008064,Biology,b10TSC-G
2008064,BTEC Music,b10BTMUS
2008064,Chemistry,b10TSC-G
2008064,English,b10ENG-XB
2008064,English Literature,b10ENG-XB
2008064,Geography,b10GEOG-3
2008064,History,b10HIST-1b
2008064,Maths,b10MA-XGAU
2008064,Physics,b10TSC-G
2008064,Religious Studies,b10RS-XB
2008064,Technology Product Design,b10PD-Y2
2008065,Biology,b10TSC-F
2008065,Chemistry,b10TSC-F
2008065,Drama,b10DRA-3
2008065,English,b10ENG-XC
2008065,English Literature,b10ENG-XC
2008065,History,b10HIST-2
2008065,Hospitality and Catering,b10HC-Y1
2008065,Maths,b10MA-XGAU
2008065,Physics,b10TSC-F
2008065,Religious Studies,b10RS-XC
2008065,Sports Studies,b10SPO-1
2008067,Biology,b10TSC-G
2008067,Chemistry,b10TSC-G
2008067,Drama,b10DRA-2
2008067,English,b10ENG-YH
2008067,English Literature,b10ENG-YH
2008067,Health and Social Care,b10HSC-1
2008067,History,b10HIST-3
2008067,Information Communication Technology,b10ICT-5
2008067,Maths,b10MA-YEUL
2008067,Physics,b10TSC-G
2008067,Religious Studies,b10RS-YH
2008068,Art,b10ART-3
2008068,Biology,b10TSC-G
2008068,Chemistry,b10TSC-G
2008068,Drama,b10DRA-2
2008068,English,b10ENG-XE
2008068,English Literature,b10ENG-XE
2008068,Maths,b10MA-XEUL
2008068,Physics,b10TSC-G
2008068,Religious Studies,b10RS-XE
2008068,Sports Studies,b10SPO-1
2008068,Technology Product Design,b10PD-Y1
2008069,Basic Construction Skills,b10CONS
2008069,BTEC Science,b10BSC-D
2008069,Business Studies,b10BST
2008069,English,b10ENG-XB
2008069,English Literature,b10ENG-XB
2008069,Information Communication Technology,b10ICT-4
2008069,Maths,b10MA-XGAU
2008069,Religious Studies,b10RS-XB
2008069,Sports Studies,b10SPO-3
2008070,Core Science,b10CSC-I
2008070,English,b10ENG-XD
2008070,English Literature,b10ENG-XD
2008070,Information Communication Technology,b10ICT-5
2008070,Maths,b10MA-XFIB
2008070,Religious Studies,b10RS-XD
2008070,Sports Studies,b10SPO-1
2008070,Vehicle Maintenance and Repair,b10VMR
2008072,Biology,b10TSC-G
2008072,Chemistry,b10TSC-G
2008072,English,b10ENG-XD
2008072,English Literature,b10ENG-XD
2008072,Geography,b10GEOG-3
2008072,History,b10HIST-1b
2008072,Information Communication Technology,b10ICT-5
2008072,Maths,b10MA-XGAU
2008072,Physics,b10TSC-G
2008072,Religious Studies,b10RS-XD
2008072,Sports Studies,b10SPO-2
2008074,Biology,b10TSC-F
2008074,Business Studies,b10BST
2008074,Chemistry,b10TSC-F
2008074,English,b10ENG-XC
2008074,English Literature,b10ENG-XC
2008074,French,b10FRE-1
2008074,Information Communication Technology,b10ICT-5
2008074,Maths,b10MA-XEUL
2008074,Media Studies,b10MS-3
2008074,Physics,b10TSC-F
2008074,Religious Studies,b10RS-XC
2008076,Biology,b10TSC-F
2008076,Business Studies,b10BST
2008076,Chemistry,b10TSC-F
2008076,English,b10ENG-XA
2008076,English Literature,b10ENG-XA
2008076,Geography,b10GEOG-1
2008076,Information Communication Technology,b10ICT-3
2008076,Maths,b10MA-XEUL
2008076,Physics,b10TSC-F
2008076,Religious Studies,b10RS-XA
2008076,Technology Product Design,b10PD-Y1
2008077,Basic Construction Skills,b10CONS
2008077,BTEC Science,b10BSC-D
2008077,English,b10ENG-XA
2008077,English Literature,b10ENG-XA
2008077,Information Communication Technology,b10ICT-2
2008077,Maths,b10MA-XPYT
2008077,Media Studies,b10MS-3
2008077,Religious Studies,b10RS-XA
2008077,Technology Product Design,b10PD-X1
2008078,Biology,b10TSC-F
2008078,Business Studies,b10BST
2008078,Chemistry,b10TSC-F
2008078,English,b10ENG-YH
2008078,English Literature,b10ENG-YH
2008078,Information Communication Technology,b10ICT-3
2008078,Maths,b10MA-YEUL
2008078,Media Studies,b10MS-1
2008078,Physics,b10TSC-F
2008078,Religious Studies,b10RS-YH
2008078,Technology Product Design,b10PD-Y2
2008079,Biology,b10TSC-G
2008079,Business Studies,b10BST
2008079,Chemistry,b10TSC-G
2008079,English,b10ENG-YF
2008079,English Literature,b10ENG-YF
2008079,FMA Performing Engineering Operations,b10FMA
2008079,Geography,b10GEOG-1
2008079,Maths,b10MA-YMAN
2008079,Physics,b10TSC-G
2008079,Religious Studies,b10RS-YF
2008080,Art,b10ART-2
2008080,Core Science,b10CSC-H
2008080,English,b10ENG-YF
2008080,English Literature,b10ENG-YF
2008080,Health and Social Care,b10HSC-1
2008080,History,b10HIST-3
2008080,Information Communication Technology,b10ICT-5
2008080,Maths,b10MA-YMAN
2008080,Religious Studies,b10RS-YF
2008081,Art,b10ART-3
2008081,Core Science,b10CSC-I
2008081,Drama,b10DRA-2
2008081,English,b10ENG-XB
2008081,English Literature,b10ENG-XB
2008081,Health and Social Care,b10HSC-1
2008081,Maths,b10MA-XFIB
2008081,Religious Studies,b10RS-XB
2008081,Technology Textiles,b10TEXT-Y1
2008082,Art,b10ART-1
2008082,Child Care,b10CC
2008082,Core Science,b10CSC-H
2008082,English,b10ENG-XA
2008082,English Literature,b10ENG-XA
2008082,Information Communication Technology,b10ICT-3
2008082,Maths,b10MA-XFIB
2008082,Religious Studies,b10RS-XA
2008082,Technology Textiles,b10TEXT-Y1
2008083,Biology,b10TSC-A
2008083,Chemistry,b10TSC-A
2008083,English,b10ENG-YF
2008083,English Literature,b10ENG-YF
2008083,Geography,b10GEOG-1
2008083,History,b10HIST-2
2008083,Maths,b10MA-YGAU
2008083,Physics,b10TSC-A
2008083,Religious Studies,b10RS-YF
2008083,Sports Studies,b10SPO-3
2008083,Technology Food,b10FOOD-X1
2008084,Core Science,b10CSC-H
2008084,English,b10ENG-YJ
2008084,English Literature,b10ENG-YJ
2008084,Maths,b10MA-YMAN
2008084,Religious Studies,b10RS-YJ
2008084,Sports Studies,b10SPO-1
2008084,Technology Product Design,b10PD-Y1
2008084,Vehicle Maintenance and Repair,b10VMR
2008086,Business Studies,b10BST
2008086,Core Science,b10CSC-I
2008086,English,b10ENG-YG
2008086,English Literature,b10ENG-YG
2008086,Health and Social Care,b10HSC-3
2008086,Maths,b10MA-YMAN
2008086,Religious Studies,b10RS-YG
2008086,Sports Studies,b10SPO-1
2008086,Technology Textiles,b10TEXT-Y1
2008088,Art,b10ART-3
2008088,Biology,b10TSC-F
2008088,Chemistry,b10TSC-F
2008088,English,b10ENG-XC
2008088,English Literature,b10ENG-XC
2008088,History,b10HIST-1b
2008088,Maths,b10MA-XGAU
2008088,Media Studies,b10MS-2
2008088,Physics,b10TSC-F
2008088,Religious Studies,b10RS-XC
2008088,Technology Product Design,b10PD-Y1
2008090,Art,b10ART-1
2008090,Biology,b10TSC-B
2008090,Chemistry,b10TSC-B
2008090,Child Care,b10CC
2008090,English,b10ENG-XE
2008090,English Literature,b10ENG-XE
2008090,History,b10HIST-3
2008090,Hospitality and Catering,b10HC-X1
2008090,Maths,b10MA-XEUL
2008090,Physics,b10TSC-B
2008090,Religious Studies,b10RS-XE
2008091,Art,b10ART-1
2008091,Biology,b10TSC-F
2008091,Business Studies,b10BST
2008091,Chemistry,b10TSC-F
2008091,English,b10ENG-XD
2008091,English Literature,b10ENG-XD
2008091,Maths,b10MA-XGAU
2008091,Media Studies,b10MS-3
2008091,Physics,b10TSC-F
2008091,Religious Studies,b10RS-XD
2008091,Technology Product Design,b10PD-Y1
2008092,Core Science,b10CSC-C
2008092,Drama,b10DRA-3
2008092,English,b10ENG-XE
2008092,English Literature,b10ENG-XE
2008092,Maths,b10MA-XPYT
2008092,Media Studies,b10MS-1
2008092,Religious Studies,b10RS-XE
2008092,Technology Food,b10FOOD-X1
2008092,Travel and Tourism,b10TT
2008093,Art,b10ART-2
2008093,English,b10ENG-XC
2008093,English Literature,b10ENG-XC
2008093,Hospitality and Catering,b10HC-Y1
2008093,Maths,b10MA-XFIB
2008093,Religious Studies,b10RS-XC
2008094,Biology,b10TSC-B
2008094,Chemistry,b10TSC-B
2008094,English,b10ENG-XD
2008094,English Literature,b10ENG-XD
2008094,Health and Social Care,b10HSC-1
2008094,History,b10HIST-2
2008094,Maths,b10MA-XGAU
2008094,Physics,b10TSC-B
2008094,Religious Studies,b10RS-XD
2008094,Sports Studies,b10SPO-3
2008094,Technology Food,b10FOOD-X1
2008095,BTEC Music,b10BTMUS
2008095,Core Science,b10CSC-H
2008095,English,b10ENG-XB
2008095,English Literature,b10ENG-XB
2008095,Information Communication Technology,b10ICT-3
2008095,Maths,b10MA-XMAN
2008095,Media Studies,b10MS-1
2008095,Religious Studies,b10RS-XB
2008095,Technology Product Design,b10PD-Y2
2008097,Biology,b10TSC-A
2008097,Chemistry,b10TSC-A
2008097,English,b10ENG-XC
2008097,English Literature,b10ENG-XC
2008097,Health and Social Care,b10HSC-3
2008097,History,b10HIST-1a
2008097,Information Communication Technology,b10ICT-4
2008097,Maths,b10MA-XGAU
2008097,Media Studies,b10MS-2
2008097,Physics,b10TSC-A
2008097,Religious Studies,b10RS-XC
2008098,Basic Construction Skills,b10CONS
2008098,BTEC Science,b10BSC-D
2008098,English,b10ENG-XA
2008098,English Literature,b10ENG-XA
2008098,Maths,b10MA-XPYT
2008098,Media Studies,b10MS-2
2008098,Religious Studies,b10RS-XA
2008098,Sports Studies,b10SPO-3
2008098,Technology Product Design,b10PD-X1
2008099,Art,b10ART-3
2008099,Biology,b10TSC-B
2008099,BTEC Music,b10BTMUS
2008099,Chemistry,b10TSC-B
2008099,English,b10ENG-XB
2008099,English Literature,b10ENG-XB
2008099,Hospitality and Catering,b10HC-X1
2008099,Maths,b10MA-XGAU
2008099,Media Studies,b10MS-1
2008099,Physics,b10TSC-B
2008099,Religious Studies,b10RS-XB
2008101,Biology,b10TSC-B
2008101,Chemistry,b10TSC-B
2008101,Drama,b10DRA-2
2008101,English,b10ENG-YH
2008101,English Literature,b10ENG-YH
2008101,German,b10GER-1
2008101,History,b10HIST-3
2008101,Maths,b10MA-YEUL
2008101,Physics,b10TSC-B
2008101,Religious Studies,b10RS-YH
2008101,Technology Product Design,b10PD-X1
2008102,BTEC Music,b10BTMUS
2008102,Core Science,b10CSC-I
2008102,English,b10ENG-YG
2008102,English Literature,b10ENG-YG
2008102,FMA Performing Engineering Operations,b10FMA
2008102,Maths,b10MA-YMAN
2008102,Media Studies,b10MS-1
2008102,Religious Studies,b10RS-YG
2008103,Core Science,b10CSC-I
2008103,English,b10ENG-YH
2008103,English Literature,b10ENG-YH
2008103,History,b10HIST-2
2008103,Information Communication Technology,b10ICT-3
2008103,Maths,b10MA-YFIB
2008103,Media Studies,b10MS-1
2008103,Religious Studies,b10RS-YH
2008103,Technology Product Design,b10PD-Y2
2008104,BTEC Science,b10BSC-E
2008104,Drama,b10DRA-2
2008104,English,b10ENG-XB
2008104,English Literature,b10ENG-XB
2008104,History,b10HIST-3
2008104,Hospitality and Catering,b10HC-X1
2008104,Maths,b10MA-XPYT
2008104,Religious Studies,b10RS-XB
2008104,Salon Services,b10SS
2008105,Biology,b10TSC-G
2008105,Chemistry,b10TSC-G
2008105,English,b10ENG-YF
2008105,English Literature,b10ENG-YF
2008105,German,b10GER-1
2008105,History,b10HIST-3
2008105,Maths,b10MA-YGAU
2008105,Media Studies,b10MS-2
2008105,Physics,b10TSC-G
2008105,Religious Studies,b10RS-YF
2008105,Technology Textiles,b10TEXT-Y1
2008106,Biology,b10TSC-G
2008106,Chemistry,b10TSC-G
2008106,English,b10ENG-XC
2008106,English Literature,b10ENG-XC
2008106,Geography,b10GEOG-1
2008106,History,b10HIST-2
2008106,Hospitality and Catering,b10HC-Y1
2008106,Maths,b10MA-XEUL
2008106,Physics,b10TSC-G
2008106,Religious Studies,b10RS-XC
2008106,Sports Studies,b10SPO-3
2008107,BTEC Science,b10BSC-E
2008107,Child Care,b10CC
2008107,English,b10ENG-XA
2008107,English Literature,b10ENG-XA
2008107,Information Communication Technology,b10ICT-3
2008107,Maths,b10MA-XGAU
2008107,Religious Studies,b10RS-XA
2008107,Salon Services,b10SS
2008107,Technology Food,b10FOOD-X1
2008108,Art,b10ART-3
2008108,Biology,b10TSC-B
2008108,Chemistry,b10TSC-B
2008108,English,b10ENG-YI
2008108,English Literature,b10ENG-YI
2008108,Geography,b10GEOG-1
2008108,History,b10HIST-2
2008108,Maths,b10MA-YEUL
2008108,Physics,b10TSC-B
2008108,Religious Studies,b10RS-YI
2008108,Technology Textiles,b10TEXT-X1
2008109,Core Science,b10CSC-H
2008109,English,b10ENG-XD
2008109,English Literature,b10ENG-XD
2008109,Information Communication Technology,b10ICT-5
2008109,Maths,b10MA-XPYT
2008109,Religious Studies,b10RS-XD
2008109,Sports Studies,b10SPO-1
2008109,Vehicle Maintenance and Repair,b10VMR
2008110,Biology,b10TSC-F
2008110,Chemistry,b10TSC-F
2008110,Child Care,b10CC
2008110,English,b10ENG-YF
2008110,English Literature,b10ENG-YF
2008110,History,b10HIST-1b
2008110,Information Communication Technology,b10ICT-3
2008110,Maths,b10MA-YGAU
2008110,Physics,b10TSC-F
2008110,Religious Studies,b10RS-YF
2008110,Technology Textiles,b10TEXT-Y1
2008111,Art,b10ART-1
2008111,Core Science,b10CSC-H
2008111,English,b10ENG-YG
2008111,English Literature,b10ENG-YG
2008111,Maths,b10MA-YMAN
2008111,Media Studies,b10MS-3
2008111,Religious Studies,b10RS-YG
2008111,Sports Studies,b10SPO-2
2008111,Technology Product Design,b10PD-Y2
2008113,BTEC Science,b10BSC-D
2008113,English,b10ENG-XE
2008113,English Literature,b10ENG-XE
2008113,Health and Social Care,b10HSC-3
2008113,History,b10HIST-2
2008113,Information Communication Technology,b10ICT-4
2008113,Maths,b10MA-XEUL
2008113,Religious Studies,b10RS-XE
2008113,Salon Services,b10SS
2008114,Biology,b10TSC-G
2008114,Chemistry,b10TSC-G
2008114,English,b10ENG-XE
2008114,English Literature,b10ENG-XE
2008114,Geography,b10GEOG-3
2008114,German,b10GER-1
2008114,History,b10HIST-2
2008114,Maths,b10MA-XGAU
2008114,Physics,b10TSC-G
2008114,Religious Studies,b10RS-XE
2008114,Technology Textiles,b10TEXT-Y1
2008115,Art,b10ART-2
2008115,Biology,b10TSC-A
2008115,Chemistry,b10TSC-A
2008115,English,b10ENG-XD
2008115,English Literature,b10ENG-XD
2008115,Health and Social Care,b10HSC-1
2008115,Maths,b10MA-XEUL
2008115,Media Studies,b10MS-3
2008115,Physics,b10TSC-A
2008115,Religious Studies,b10RS-XD
2008115,Technology Textiles,b10TEXT-X1
2008116,Biology,b10TSC-F
2008116,Chemistry,b10TSC-F
2008116,Drama,b10DRA-3
2008116,English,b10ENG-YF
2008116,English Literature,b10ENG-YF
2008116,Maths,b10MA-YEUL
2008116,Media Studies,b10MS-1
2008116,Physics,b10TSC-F
2008116,Religious Studies,b10RS-YF
2008116,Technology Product Design,b10PD-Y2
2008116,Travel and Tourism,b10TT
2008117,Core Science,b10CSC-I
2008117,English,b10ENG-XB
2008117,English Literature,b10ENG-XB
2008117,Health and Social Care,b10HSC-1
2008117,Maths,b10MA-XPYT
2008117,Religious Studies,b10RS-XB
2008118,BTEC Music,b10BTMUS
2008118,English,b10ENG-YF
2008118,English Literature,b10ENG-YF
2008118,Maths,b10MA-YFIB
2008118,Media Studies,b10MS-1
2008118,Religious Studies,b10RS-YF
2008119,Art,b10ART-1
2008119,Biology,b10TSC-A
2008119,Chemistry,b10TSC-A
2008119,English,b10ENG-YG
2008119,English Literature,b10ENG-YG
2008119,History,b10HIST-2
2008119,Maths,b10MA-YEUL
2008119,Physics,b10TSC-A
2008119,Religious Studies,b10RS-YG
2008119,Sports Studies,b10SPO-3
2008119,Technology Food,b10FOOD-X1
2008120,Basic Construction Skills,b10CONS
2008120,BTEC Science,b10BSC-E
2008120,Business Studies,b10BST
2008120,English,b10ENG-XE
2008120,English Literature,b10ENG-XE
2008120,Information Communication Technology,b10ICT-3
2008120,Maths,b10MA-XEUL
2008120,Religious Studies,b10RS-XE
2008120,Technology Product Design,b10PD-X1
2008121,Art,b10ART-1
2008121,Biology,b10TSC-F
2008121,Business Studies,b10BST
2008121,Chemistry,b10TSC-F
2008121,English,b10ENG-YH
2008121,English Literature,b10ENG-YH
2008121,FMA Performing Engineering Operations,b10FMA
2008121,Maths,b10MA-YEUL
2008121,Physics,b10TSC-F
2008121,Religious Studies,b10RS-YH
2008123,Core Science,b10CSC-I
2008123,Drama,b10DRA-2
2008123,English,b10ENG-YI
2008123,English Literature,b10ENG-YI
2008123,Health and Social Care,b10HSC-1
2008123,Hospitality and Catering,b10HC-Y1
2008123,Maths,b10MA-YPYT
2008123,Media Studies,b10MS-3
2008123,Religious Studies,b10RS-YI
2008124,Biology,b10TSC-A
2008124,Chemistry,b10TSC-A
2008124,English,b10ENG-YF
2008124,English Literature,b10ENG-YF
2008124,German,b10GER-1
2008124,History,b10HIST-3
2008124,Information Communication Technology,b10ICT-2
2008124,Maths,b10MA-YGAU
2008124,Physics,b10TSC-A
2008124,Religious Studies,b10RS-YF
2008124,Technology Product Design,b10PD-X1
2008125,Biology,b10TSC-B
2008125,Chemistry,b10TSC-B
2008125,English,b10ENG-XC
2008125,English Literature,b10ENG-XC
2008125,Geography,b10GEOG-1
2008125,Hospitality and Catering,b10HC-X1
2008125,Information Communication Technology,b10ICT-3
2008125,Maths,b10MA-XGAU
2008125,Media Studies,b10MS-2
2008125,Physics,b10TSC-B
2008125,Religious Studies,b10RS-XC
2008126,Art,b10ART-3
2008126,BTEC Science,b10BSC-D
2008126,English,b10ENG-XC
2008126,English Literature,b10ENG-XC
2008126,Hospitality and Catering,b10HC-X1
2008126,Maths,b10MA-XPYT
2008126,Religious Studies,b10RS-XC
2008126,Salon Services,b10SS
2008126,Travel and Tourism,b10TT
2008127,Biology,b10TSC-G
2008127,Business Studies,b10BST
2008127,Chemistry,b10TSC-G
2008127,English,b10ENG-YJ
2008127,English Literature,b10ENG-YJ
2008127,Health and Social Care,b10HSC-1
2008127,History,b10HIST-3
2008127,Information Communication Technology,b10ICT-5
2008127,Maths,b10MA-YGAU
2008127,Physics,b10TSC-G
2008127,Religious Studies,b10RS-YJ
2008128,Art,b10ART-3
2008128,BTEC Science,b10BSC-E
2008128,English,b10ENG-XC
2008128,English Literature,b10ENG-XC
2008128,Maths,b10MA-XPYT
2008128,Media Studies,b10MS-2
2008128,Religious Studies,b10RS-XC
2008128,Salon Services,b10SS
2008128,Technology Textiles,b10TEXT-X1
2008129,Biology,b10TSC-B
2008129,Chemistry,b10TSC-B
2008129,English,b10ENG-XE
2008129,English Literature,b10ENG-XE
2008129,History,b10HIST-1a
2008129,Information Communication Technology,b10ICT-3
2008129,Maths,b10MA-XEUL
2008129,Media Studies,b10MS-2
2008129,Physics,b10TSC-B
2008129,Religious Studies,b10RS-XE
2008129,Technology Product Design,b10PD-X1
2008130,Basic Construction Skills,b10CONS
2008130,BTEC Science,b10BSC-D
2008130,English,b10ENG-YF
2008130,English Literature,b10ENG-YF
2008130,History,b10HIST-3
2008130,Maths,b10MA-YEUL
2008130,Religious Studies,b10RS-YF
2008130,Sports Studies,b10SPO-2
2008130,Technology Product Design,b10PD-X1
2008131,BTEC Music,b10BTMUS
2008131,Core Science,b10CSC-H
2008131,English,b10ENG-XC
2008131,English Literature,b10ENG-XC
2008131,FMA Performing Engineering Operations,b10FMA
2008131,Maths,b10MA-XMAN
2008131,Media Studies,b10MS-1
2008131,Religious Studies,b10RS-XC
2008133,Biology,b10TSC-G
2008133,BTEC Music,b10BTMUS
2008133,Chemistry,b10TSC-G
2008133,English,b10ENG-YI
2008133,English Literature,b10ENG-YI
2008133,History,b10HIST-1b
2008133,Information Communication Technology,b10ICT-5
2008133,Maths,b10MA-YEUL
2008133,Media Studies,b10MS-3
2008133,Physics,b10TSC-G
2008133,Religious Studies,b10RS-YI
2008134,Core Science,b10CSC-H
2008134,English,b10ENG-XA
2008134,English Literature,b10ENG-XA
2008134,Geography,b10GEOG-1
2008134,History,b10HIST-2
2008134,Maths,b10MA-XPYT
2008134,Media Studies,b10MS-3
2008134,Religious Studies,b10RS-XA
2008134,Technology Product Design,b10PD-Y2
2008136,Biology,b10TSC-A
2008136,Chemistry,b10TSC-A
2008136,Drama,b10DRA-2
2008136,English,b10ENG-XE
2008136,English Literature,b10ENG-XE
2008136,Geography,b10GEOG-3
2008136,History,b10HIST-1a
2008136,Information Communication Technology,b10ICT-4
2008136,Maths,b10MA-XGAU
2008136,Physics,b10TSC-A
2008136,Religious Studies,b10RS-XE
2008137,Biology,b10TSC-G
2008137,Chemistry,b10TSC-G
2008137,Drama,b10DRA-2
2008137,English,b10ENG-XC
2008137,English Literature,b10ENG-XC
2008137,French,b10FRE-1
2008137,History,b10HIST-3
2008137,Hospitality and Catering,b10HC-Y1
2008137,Maths,b10MA-XEUL
2008137,Physics,b10TSC-G
2008137,Religious Studies,b10RS-XC
2008138,Art,b10ART-3
2008138,Core Science,b10CSC-I
2008138,Drama,b10DRA-2
2008138,English,b10ENG-YI
2008138,English Literature,b10ENG-YI
2008138,History,b10HIST-1b
2008138,Maths,b10MA-YFIB
2008138,Religious Studies,b10RS-YI
2008138,Technology Textiles,b10TEXT-Y1
2008139,Biology,b10TSC-B
2008139,Chemistry,b10TSC-B
2008139,English,b10ENG-YH
2008139,English Literature,b10ENG-YH
2008139,French,b10FRE-1
2008139,Geography,b10GEOG-3
2008139,Information Communication Technology,b10ICT-4
2008139,Maths,b10MA-YGAU
2008139,Physics,b10TSC-B
2008139,Religious Studies,b10RS-YH
2008139,Sports Studies,b10SPO-2
2008140,Art,b10ART-2
2008140,Biology,b10TSC-B
2008140,Chemistry,b10TSC-B
2008140,English,b10ENG-YF
2008140,English Literature,b10ENG-YF
2008140,German,b10GER-1
2008140,History,b10HIST-3
2008140,Maths,b10MA-YGAU
2008140,Physics,b10TSC-B
2008140,Religious Studies,b10RS-YF
2008140,Technology Textiles,b10TEXT-X1
2008141,BTEC Science,b10BSC-E
2008141,Drama,b10DRA-3
2008141,English,b10ENG-XE
2008141,English Literature,b10ENG-XE
2008141,Maths,b10MA-XPYT
2008141,Religious Studies,b10RS-XE
2008141,Salon Services,b10SS
2008141,Technology Textiles,b10TEXT-X1
2008141,Travel and Tourism,b10TT
2008142,Biology,b10TSC-A
2008142,Chemistry,b10TSC-A
2008142,English,b10ENG-YG
2008142,English Literature,b10ENG-YG
2008142,French,b10FRE-1
2008142,Geography,b10GEOG-3
2008142,Information Communication Technology,b10ICT-4
2008142,Maths,b10MA-YGAU
2008142,Physics,b10TSC-A
2008142,Religious Studies,b10RS-YG
2008142,Sports Studies,b10SPO-2
2008143,Art,b10ART-3
2008143,Core Science,b10CSC-H
2008143,English,b10ENG-XD
2008143,English Literature,b10ENG-XD
2008143,Maths,b10MA-XPYT
2008143,Media Studies,b10MS-1
2008143,Religious Studies,b10RS-XD
2008143,Technology Textiles,b10TEXT-Y1
2008143,Travel and Tourism,b10TT
2008144,Biology,b10TSC-B
2008144,Chemistry,b10TSC-B
2008144,English,b10ENG-XD
2008144,English Literature,b10ENG-XD
2008144,Geography,b10GEOG-1
2008144,History,b10HIST-2
2008144,Information Communication Technology,b10ICT-4
2008144,Maths,b10MA-XGAU
2008144,Physics,b10TSC-B
2008144,Religious Studies,b10RS-XD
2008144,Sports Studies,b10SPO-3
2008145,Biology,b10TSC-A
2008145,Chemistry,b10TSC-A
2008145,English,b10ENG-YH
2008145,English Literature,b10ENG-YH
2008145,Geography,b10GEOG-1
2008145,History,b10HIST-3
2008145,Information Communication Technology,b10ICT-4
2008145,Maths,b10MA-YPYT
2008145,Physics,b10TSC-A
2008145,Religious Studies,b10RS-YH
2008145,Travel and Tourism,b10TT
2008146,Art,b10ART-2
2008146,Biology,b10TSC-A
2008146,Chemistry,b10TSC-A
2008146,English,b10ENG-XB
2008146,English Literature,b10ENG-XB
2008146,French,b10FRE-1
2008146,Health and Social Care,b10HSC-3
2008146,Maths,b10MA-XGAU
2008146,Physics,b10TSC-A
2008146,Religious Studies,b10RS-XB
2008146,Technology Food,b10FOOD-X1
2008147,Biology,b10TSC-A
2008147,Chemistry,b10TSC-A
2008147,English,b10ENG-YI
2008147,English Literature,b10ENG-YI
2008147,Geography,b10GEOG-1
2008147,Information Communication Technology,b10ICT-3
2008147,Maths,b10MA-YEUL
2008147,Physics,b10TSC-A
2008147,Religious Studies,b10RS-YI
2008147,Sports Studies,b10SPO-2
2008147,Technology Food,b10FOOD-X1
2008148,Core Science,b10CSC-I
2008148,English,b10ENG-YH
2008148,English Literature,b10ENG-YH
2008148,Geography,b10GEOG-1
2008148,History,b10HIST-2
2008148,Maths,b10MA-YPYT
2008148,Religious Studies,b10RS-YH
2008148,Sports Studies,b10SPO-3
2008148,Technology Product Design,b10PD-Y1
2008149,BTEC Science,b10BSC-D
2008149,English,b10ENG-XA
2008149,English Literature,b10ENG-XA
2008149,Health and Social Care,b10HSC-3
2008149,Maths,b10MA-XMAN
2008149,Media Studies,b10MS-2
2008149,Religious Studies,b10RS-XA
2008149,Salon Services,b10SS
2008149,Technology Textiles,b10TEXT-X1
2008150,Art,b10ART-2
2008150,Core Science,b10CSC-C
2008150,English,b10ENG-YI
2008150,English Literature,b10ENG-YI
2008150,Health and Social Care,b10HSC-1
2008150,Maths,b10MA-YFIB
2008150,Religious Studies,b10RS-YI
2008150,Technology Food,b10FOOD-X1
2008151,Art,b10ART-1
2008151,Biology,b10TSC-F
2008151,Chemistry,b10TSC-F
2008151,Drama,b10DRA-2
2008151,English,b10ENG-XA
2008151,English Literature,b10ENG-XA
2008151,Maths,b10MA-XMAN
2008151,Media Studies,b10MS-3
2008151,Physics,b10TSC-F
2008151,Religious Studies,b10RS-XA
2008151,Technology Textiles,b10TEXT-Y1
2008152,Art,b10ART-3
2008152,Child Care,b10CC
2008152,Core Science,b10CSC-C
2008152,English,b10ENG-YH
2008152,English Literature,b10ENG-YH
2008152,Maths,b10MA-YMAN
2008152,Media Studies,b10MS-1
2008152,Religious Studies,b10RS-YH
2008152,Technology Food,b10FOOD-X1
2008153,Core Science,b10CSC-I
2008153,English,b10ENG-XA
2008153,English Literature,b10ENG-XA
2008153,History,b10HIST-3
2008153,Information Communication Technology,b10ICT-5
2008153,Maths,b10MA-XMAN
2008153,Media Studies,b10MS-1
2008153,Religious Studies,b10RS-XA
2008153,Travel and Tourism,b10TT
2008154,Art,b10ART-3
2008154,Core Science,b10CSC-H
2008154,English,b10ENG-XE
2008154,English Literature,b10ENG-XE
2008154,History,b10HIST-1b
2008154,Maths,b10MA-XFIB
2008154,Media Studies,b10MS-2
2008154,Religious Studies,b10RS-XE
2008154,Technology Product Design,b10PD-Y2
2008155,Biology,b10TSC-F
2008155,Chemistry,b10TSC-F
2008155,English,b10ENG-YF
2008155,English Literature,b10ENG-YF
2008155,Geography,b10GEOG-1
2008155,Hospitality and Catering,b10HC-Y1
2008155,Maths,b10MA-YGAU
2008155,Media Studies,b10MS-3
2008155,Physics,b10TSC-F
2008155,Religious Studies,b10RS-YF
2008155,Sports Studies,b10SPO-2
2008156,Art,b10ART-3
2008156,Biology,b10TSC-A
2008156,Chemistry,b10TSC-A
2008156,English,b10ENG-YJ
2008156,English Literature,b10ENG-YJ
2008156,Health and Social Care,b10HSC-1
2008156,Maths,b10MA-YPYT
2008156,Physics,b10TSC-A
2008156,Religious Studies,b10RS-YJ
2008156,Technology Food,b10FOOD-X1
2008156,Travel and Tourism,b10TT
2008157,Art,b10ART-2
2008157,Biology,b10TSC-G
2008157,Chemistry,b10TSC-G
2008157,Drama,b10DRA-3
2008157,English,b10ENG-YJ
2008157,English Literature,b10ENG-YJ
2008157,Maths,b10MA-YGAU
2008157,Physics,b10TSC-G
2008157,Religious Studies,b10RS-YJ
2008157,Sports Studies,b10SPO-1
2008157,Technology Textiles,b10TEXT-Y1
2008158,Biology,b10TSC-F
2008158,Chemistry,b10TSC-F
2008158,English,b10ENG-YI
2008158,English Literature,b10ENG-YI
2008158,Hospitality and Catering,b10HC-Y1
2008158,Maths,b10MA-YMAN
2008158,Physics,b10TSC-F
2008158,Religious Studies,b10RS-YI
2008158,Sports Studies,b10SPO-1
2008158,Vehicle Maintenance and Repair,b10VMR
2008159,Art,b10ART-3
2008159,Business Studies,b10BST
2008159,Core Science,b10CSC-H
2008159,English,b10ENG-XB
2008159,English Literature,b10ENG-XB
2008159,Information Communication Technology,b10ICT-5
2008159,Maths,b10MA-XFIB
2008159,Media Studies,b10MS-1
2008159,Religious Studies,b10RS-XB
2008160,Core Science,b10CSC-H
2008160,Drama,b10DRA-2
2008160,English,b10ENG-YI
2008160,English Literature,b10ENG-YI
2008160,Geography,b10GEOG-3
2008160,Maths,b10MA-YMAN
2008160,Religious Studies,b10RS-YI
2008160,Sports Studies,b10SPO-1
2008160,Technology Product Design,b10PD-Y2
2008161,Biology,b10TSC-F
2008161,Chemistry,b10TSC-F
2008161,English,b10ENG-YI
2008161,English Literature,b10ENG-YI
2008161,FMA Performing Engineering Operations,b10FMA
2008161,History,b10HIST-1b
2008161,Information Communication Technology,b10ICT-2
2008161,Maths,b10MA-YGAU
2008161,Physics,b10TSC-F
2008161,Religious Studies,b10RS-YI
2008162,Biology,b10TSC-G
2008162,Chemistry,b10TSC-G
2008162,English,b10ENG-XC
2008162,English Literature,b10ENG-XC
2008162,German,b10GER-1
2008162,Health and Social Care,b10HSC-3
2008162,History,b10HIST-2
2008162,Information Communication Technology,b10ICT-5
2008162,Maths,b10MA-XGAU
2008162,Physics,b10TSC-G
2008162,Religious Studies,b10RS-XC
2008163,Biology,b10TSC-A
2008163,Chemistry,b10TSC-A
2008163,English,b10ENG-YG
2008163,English Literature,b10ENG-YG
2008163,History,b10HIST-1a
2008163,Information Communication Technology,b10ICT-3
2008163,Maths,b10MA-YEUL
2008163,Media Studies,b10MS-2
2008163,Physics,b10TSC-A
2008163,Religious Studies,b10RS-YG
2008163,Technology Food,b10FOOD-X1
2008164,Core Science,b10CSC-I
2008164,English,b10ENG-YG
2008164,English Literature,b10ENG-YG
2008164,Geography,b10GEOG-1
2008164,Information Communication Technology,b10ICT-2
2008164,Maths,b10MA-YMAN
2008164,Media Studies,b10MS-3
2008164,Religious Studies,b10RS-YG
2008164,Technology Product Design,b10PD-Y2
2008165,Art,b10ART-2
2008165,Core Science,b10CSC-C
2008165,English,b10ENG-YJ
2008165,English Literature,b10ENG-YJ
2008165,History,b10HIST-1a
2008165,Maths,b10MA-YFIB
2008165,Religious Studies,b10RS-YJ
2008165,Technology Textiles,b10TEXT-X1
2008166,Art,b10ART-2
2008166,Biology,b10TSC-B
2008166,Chemistry,b10TSC-B
2008166,English,b10ENG-XB
2008166,English Literature,b10ENG-XB
2008166,History,b10HIST-1b
2008166,Maths,b10MA-XEUL
2008166,Physics,b10TSC-B
2008166,Religious Studies,b10RS-XB
2008166,Sports Studies,b10SPO-3
2008166,Technology Food,b10FOOD-X1
2008167,Child Care,b10CC
2008167,Core Science,b10CSC-I
2008167,English,b10ENG-YJ
2008167,English Literature,b10ENG-YJ
2008167,German,b10GER-1
2008167,History,b10HIST-3
2008167,Maths,b10MA-YMAN
2008167,Religious Studies,b10RS-YJ
2008167,Technology Product Design,b10PD-Y2
2008168,Biology,b10TSC-A
2008168,BTEC Music,b10BTMUS
2008168,Chemistry,b10TSC-A
2008168,English,b10ENG-XD
2008168,English Literature,b10ENG-XD
2008168,German,b10GER-1
2008168,Information Communication Technology,b10ICT-4
2008168,Maths,b10MA-XGAU
2008168,Media Studies,b10MS-3
2008168,Physics,b10TSC-A
2008168,Religious Studies,b10RS-XD
2008169,Basic Construction Skills,b10CONS
2008169,BTEC Science,b10BSC-D
2008169,Business Studies,b10BST
2008169,English,b10ENG-XC
2008169,English Literature,b10ENG-XC
2008169,Hospitality and Catering,b10HC-X1
2008169,Information Communication Technology,b10ICT-3
2008169,Maths,b10MA-XMAN
2008169,Religious Studies,b10RS-XC
2008170,Core Science,b10CSC-I
2008170,English,b10ENG-XB
2008170,English Literature,b10ENG-XB
2008170,History,b10HIST-1b
2008170,Information Communication Technology,b10ICT-2
2008170,Maths,b10MA-XPYT
2008170,Media Studies,b10MS-3
2008170,Religious Studies,b10RS-XB
2008170,Technology Product Design,b10PD-Y2
2008171,Biology,b10TSC-A
2008171,Chemistry,b10TSC-A
2008171,Drama,b10DRA-2
2008171,English,b10ENG-YI
2008171,English Literature,b10ENG-YI
2008171,History,b10HIST-1a
2008171,Information Communication Technology,b10ICT-3
2008171,Maths,b10MA-YEUL
2008171,Physics,b10TSC-A
2008171,Religious Studies,b10RS-YI
2008171,Technology Food,b10FOOD-X1
2008173,BTEC Science,b10BSC-D
2008173,English,b10ENG-XD
2008173,English Literature,b10ENG-XD
2008173,Health and Social Care,b10HSC-3
2008173,History,b10HIST-2
2008173,Maths,b10MA-XFIB
2008173,Religious Studies,b10RS-XD
2008173,Salon Services,b10SS
2008173,Technology Textiles,b10TEXT-X1
2008174,Core Science,b10CSC-I
2008174,English,b10ENG-YJ
2008174,English Literature,b10ENG-YJ
2008174,Maths,b10MA-YPYT
2008174,Religious Studies,b10RS-YJ
2008174,Sports Studies,b10SPO-1
2008174,Technology Product Design,b10PD-Y1
2008174,Vehicle Maintenance and Repair,b10VMR
2008175,Art,b10ART-1
2008175,Core Science,b10CSC-I
2008175,English,b10ENG-XC
2008175,English Literature,b10ENG-XC
2008175,Information Communication Technology,b10ICT-5
2008175,Maths,b10MA-XMAN
2008175,Religious Studies,b10RS-XC
2008175,Sports Studies,b10SPO-3
2008175,Travel and Tourism,b10TT
2008176,Child Care,b10CC
2008176,Core Science,b10CSC-C
2008176,English,b10ENG-YF
2008176,English Literature,b10ENG-YF
2008176,History,b10HIST-1b
2008176,Information Communication Technology,b10ICT-3
2008176,Maths,b10MA-YMAN
2008176,Religious Studies,b10RS-YF
2008176,Technology Food,b10FOOD-X1
2008177,Biology,b10TSC-F
2008177,Chemistry,b10TSC-F
2008177,English,b10ENG-XD
2008177,English Literature,b10ENG-XD
2008177,Health and Social Care,b10HSC-1
2008177,Hospitality and Catering,b10HC-Y1
2008177,Maths,b10MA-XGAU
2008177,Media Studies,b10MS-3
2008177,Physics,b10TSC-F
2008177,Religious Studies,b10RS-XD
2008177,Sports Studies,b10SPO-2
2008178,Art,b10ART-2
2008178,Biology,b10TSC-G
2008178,Chemistry,b10TSC-G
2008178,English,b10ENG-YG
2008178,English Literature,b10ENG-YG
2008178,German,b10GER-1
2008178,History,b10HIST-3
2008178,Maths,b10MA-YGAU
2008178,Physics,b10TSC-G
2008178,Religious Studies,b10RS-YG
2008178,Technology Product Design,b10PD-Y2
2008179,Basic Construction Skills,b10CONS
2008179,BTEC Science,b10BSC-D
2008179,English,b10ENG-XC
2008179,English Literature,b10ENG-XC
2008179,Geography,b10GEOG-3
2008179,Information Communication Technology,b10ICT-4
2008179,Maths,b10MA-XFIB
2008179,Religious Studies,b10RS-XC
2008179,Sports Studies,b10SPO-2
2008180,Biology,b10TSC-F
2008180,Chemistry,b10TSC-F
2008180,English,b10ENG-XD
2008180,English Literature,b10ENG-XD
2008180,Geography,b10GEOG-3
2008180,Information Communication Technology,b10ICT-2
2008180,Maths,b10MA-XGAU
2008180,Physics,b10TSC-F
2008180,Religious Studies,b10RS-XD
2008180,Sports Studies,b10SPO-1
2008180,Technology Product Design,b10PD-Y2
2008182,Basic Construction Skills,b10CONS
2008182,BTEC Science,b10BSC-E
2008182,English,b10ENG-XA
2008182,English Literature,b10ENG-XA
2008182,Hospitality and Catering,b10HC-X1
2008182,Maths,b10MA-XMAN
2008182,Media Studies,b10MS-3
2008182,Religious Studies,b10RS-XA
2008182,Sports Studies,b10SPO-2
2008183,Core Science,b10CSC-H
2008183,English,b10ENG-YF
2008183,English Literature,b10ENG-YF
2008183,Health and Social Care,b10HSC-3
2008183,History,b10HIST-1b
2008183,Hospitality and Catering,b10HC-Y1
2008183,Information Communication Technology,b10ICT-2
2008183,Maths,b10MA-YPYT
2008183,Religious Studies,b10RS-YF
2008184,Art,b10ART-2
2008184,Biology,b10TSC-G
2008184,Chemistry,b10TSC-G
2008184,English,b10ENG-YJ
2008184,English Literature,b10ENG-YJ
2008184,History,b10HIST-1b
2008184,Maths,b10MA-YGAU
2008184,Physics,b10TSC-G
2008184,Religious Studies,b10RS-YJ
2008184,Sports Studies,b10SPO-3
2008184,Technology Product Design,b10PD-Y1
2008185,Biology,b10TSC-B
2008185,BTEC Music,b10BTMUS
2008185,Chemistry,b10TSC-B
2008185,Drama,b10DRA-3
2008185,English,b10ENG-XD
2008185,English Literature,b10ENG-XD
2008185,History,b10HIST-1a
2008185,Maths,b10MA-XMAN
2008185,Physics,b10TSC-B
2008185,Religious Studies,b10RS-XD
2008185,Technology Food,b10FOOD-X1
2008186,Art,b10ART-3
2008186,Business Studies,b10BST
2008186,Core Science,b10CSC-C
2008186,English,b10ENG-XA
2008186,English Literature,b10ENG-XA
2008186,History,b10HIST-1b
2008186,Maths,b10MA-XMAN
2008186,Religious Studies,b10RS-XA
2008186,Technology Textiles,b10TEXT-X1
2008187,Biology,b10TSC-A
2008187,Chemistry,b10TSC-A
2008187,English,b10ENG-XA
2008187,English Literature,b10ENG-XA
2008187,History,b10HIST-1b
2008187,Information Communication Technology,b10ICT-4
2008187,Maths,b10MA-XEUL
2008187,Physics,b10TSC-A
2008187,Religious Studies,b10RS-XA
2008187,Vehicle Maintenance and Repair,b10VMR
2008188,Core Science,b10CSC-C
2008188,English,b10ENG-YI
2008188,English Literature,b10ENG-YI
2008188,French,b10FRE-1
2008188,Health and Social Care,b10HSC-3
2008188,History,b10HIST-2
2008188,Hospitality and Catering,b10HC-X1
2008188,Maths,b10MA-YMAN
2008188,Religious Studies,b10RS-YI
2008189,Art,b10ART-1
2008189,Biology,b10TSC-A
2008189,Chemistry,b10TSC-A
2008189,Drama,b10DRA-3
2008189,English,b10ENG-YH
2008189,English Literature,b10ENG-YH
2008189,Maths,b10MA-YGAU
2008189,Physics,b10TSC-A
2008189,Religious Studies,b10RS-YH
2008189,Sports Studies,b10SPO-2
2008189,Technology Product Design,b10PD-X1
2008191,Core Science,b10CSC-C
2008191,English,b10ENG-YF
2008191,English Literature,b10ENG-YF
2008191,Information Communication Technology,b10ICT-4
2008191,Maths,b10MA-YPYT
2008191,Media Studies,b10MS-1
2008191,Religious Studies,b10RS-YF
2008191,Vehicle Maintenance and Repair,b10VMR
2008192,Core Science,b10CSC-C
2008192,English,b10ENG-XE
2008192,English Literature,b10ENG-XE
2008192,Maths,b10MA-XPYT
2008192,Religious Studies,b10RS-XE
2008192,Sports Studies,b10SPO-1
2008192,Technology Food,b10FOOD-X1
2008192,Vehicle Maintenance and Repair,b10VMR
2008193,Core Science,b10CSC-C
2008193,English,b10ENG-YJ
2008193,English Literature,b10ENG-YJ
2008193,Information Communication Technology,b10ICT-4
2008193,Maths,b10MA-YPYT
2008193,Religious Studies,b10RS-YJ
2008193,Sports Studies,b10SPO-1
2008193,Vehicle Maintenance and Repair,b10VMR
2008194,Biology,b10TSC-F
2008194,Chemistry,b10TSC-F
2008194,Child Care,b10CC
2008194,English,b10ENG-XB
2008194,English Literature,b10ENG-XB
2008194,History,b10HIST-3
2008194,Hospitality and Catering,b10HC-Y1
2008194,Maths,b10MA-XEUL
2008194,Physics,b10TSC-F
2008194,Religious Studies,b10RS-XB
2008194,Sports Studies,b10SPO-1
2008195,Biology,b10TSC-F
2008195,Chemistry,b10TSC-F
2008195,English,b10ENG-XA
2008195,English Literature,b10ENG-XA
2008195,French,b10FRE-1
2008195,Health and Social Care,b10HSC-3
2008195,History,b10HIST-2
2008195,Information Communication Technology,b10ICT-5
2008195,Maths,b10MA-XEUL
2008195,Physics,b10TSC-F
2008195,Religious Studies,b10RS-XA
2008196,Biology,b10TSC-G
2008196,Chemistry,b10TSC-G
2008196,English,b10ENG-YI
2008196,English Literature,b10ENG-YI
2008196,Information Communication Technology,b10ICT-5
2008196,Maths,b10MA-YEUL
2008196,Media Studies,b10MS-3
2008196,Physics,b10TSC-G
2008196,Religious Studies,b10RS-YI
2008196,Sports Studies,b10SPO-1
2008196,Travel and Tourism,b10TT
2008197,Core Science,b10CSC-I
2008197,English,b10ENG-XC
2008197,English Literature,b10ENG-XC
2008197,Maths,b10MA-XFIB
2008197,Media Studies,b10MS-1
2008197,Religious Studies,b10RS-XC
2008197,Technology Product Design,b10PD-Y1
2008197,Vehicle Maintenance and Repair,b10VMR
2008198,Core Science,b10CSC-H
2008198,English,b10ENG-YJ
2008198,English Literature,b10ENG-YJ
2008198,Maths,b10MA-YPYT
2008198,Religious Studies,b10RS-YJ
2008198,Sports Studies,b10SPO-1
2008199,Art,b10ART-3
2008199,BTEC Science,b10BSC-D
2008199,English,b10ENG-XC
2008199,English Literature,b10ENG-XC
2008199,Maths,b10MA-XMAN
2008199,Religious Studies,b10RS-XC
2008199,Salon Services,b10SS
2008199,Technology Food,b10FOOD-X1
2008199,Travel and Tourism,b10TT
2008200,Biology,b10TSC-B
2008200,Chemistry,b10TSC-B
2008200,Drama,b10DRA-2
2008200,English,b10ENG-XB
2008200,English Literature,b10ENG-XB
2008200,French,b10FRE-1
2008200,Geography,b10GEOG-3
2008200,Information Communication Technology,b10ICT-4
2008200,Maths,b10MA-XGAU
2008200,Physics,b10TSC-B
2008200,Religious Studies,b10RS-XB
2008201,Biology,b10TSC-B
2008201,Chemistry,b10TSC-B
2008201,English,b10ENG-XB
2008201,English Literature,b10ENG-XB
2008201,Geography,b10GEOG-1
2008201,Information Communication Technology,b10ICT-3
2008201,Maths,b10MA-XGAU
2008201,Physics,b10TSC-B
2008201,Religious Studies,b10RS-XB
2008201,Technology Food,b10FOOD-X1
2008201,Travel and Tourism,b10TT
2008202,Biology,b10TSC-B
2008202,Chemistry,b10TSC-B
2008202,English,b10ENG-YG
2008202,English Literature,b10ENG-YG
2008202,French,b10FRE-1
2008202,History,b10HIST-3
2008202,Information Communication Technology,b10ICT-4
2008202,Maths,b10MA-YGAU
2008202,Physics,b10TSC-B
2008202,Religious Studies,b10RS-YG
2008202,Sports Studies,b10SPO-2
2008203,Biology,b10TSC-G
2008203,Chemistry,b10TSC-G
2008203,English,b10ENG-XA
2008203,English Literature,b10ENG-XA
2008203,Geography,b10GEOG-3
2008203,History,b10HIST-1a
2008203,Maths,b10MA-XEUL
2008203,Physics,b10TSC-G
2008203,Religious Studies,b10RS-XA
2008203,Sports Studies,b10SPO-2
2008203,Technology Product Design,b10PD-Y1
2008204,Core Science,b10CSC-H
2008204,English,b10ENG-YG
2008204,English Literature,b10ENG-YG
2008204,Maths,b10MA-YMAN
2008204,Media Studies,b10MS-3
2008204,Religious Studies,b10RS-YG
2008204,Sports Studies,b10SPO-1
2008204,Technology Product Design,b10PD-Y1
2008204,Travel and Tourism,b10TT
2008205,Biology,b10TSC-B
2008205,BTEC Music,b10BTMUS
2008205,Chemistry,b10TSC-B
2008205,Drama,b10DRA-3
2008205,English,b10ENG-XE
2008205,English Literature,b10ENG-XE
2008205,Hospitality and Catering,b10HC-X1
2008205,Maths,b10MA-XGAU
2008205,Media Studies,b10MS-1
2008205,Physics,b10TSC-B
2008205,Religious Studies,b10RS-XE
2008206,Core Science,b10CSC-I
2008206,English,b10ENG-XE
2008206,English Literature,b10ENG-XE
2008206,Maths,b10MA-XFIB
2008206,Religious Studies,b10RS-XE
2008206,Sports Studies,b10SPO-1
2008207,Core Science,b10CSC-H
2008207,English,b10ENG-YG
2008207,English Literature,b10ENG-YG
2008207,History,b10HIST-1b
2008207,Information Communication Technology,b10ICT-5
2008207,Maths,b10MA-YMAN
2008207,Religious Studies,b10RS-YG
2008207,Vehicle Maintenance and Repair,b10VMR
2008208,Core Science,b10CSC-I
2008208,English,b10ENG-YJ
2008208,English Literature,b10ENG-YJ
2008208,Information Communication Technology,b10ICT-3
2008208,Maths,b10MA-YFIB
2008208,Media Studies,b10MS-2
2008208,Religious Studies,b10RS-YJ
2008208,Sports Studies,b10SPO-1
2008208,Technology Product Design,b10PD-Y1
2008209,Core Science,b10CSC-C
2008209,Drama,b10DRA-3
2008209,English,b10ENG-XC
2008209,English Literature,b10ENG-XC
2008209,Geography,b10GEOG-1
2008209,Hospitality and Catering,b10HC-X1
2008209,Maths,b10MA-XMAN
2008209,Media Studies,b10MS-2
2008209,Religious Studies,b10RS-XC
2008211,Core Science,b10CSC-C
2008211,English,b10ENG-YJ
2008211,English Literature,b10ENG-YJ
2008211,German,b10GER-1
2008211,Health and Social Care,b10HSC-3
2008211,History,b10HIST-2
2008211,Maths,b10MA-YFIB
2008211,Religious Studies,b10RS-YJ
2008211,Technology Textiles,b10TEXT-X1
2008212,Biology,b10TSC-G
2008212,Chemistry,b10TSC-G
2008212,English,b10ENG-XC
2008212,English Literature,b10ENG-XC
2008212,Geography,b10GEOG-3
2008212,German,b10GER-1
2008212,History,b10HIST-2
2008212,Information Communication Technology,b10ICT-5
2008212,Maths,b10MA-XEUL
2008212,Physics,b10TSC-G
2008212,Religious Studies,b10RS-XC
2008213,Child Care,b10CC
2008213,Core Science,b10CSC-I
2008213,English,b10ENG-YG
2008213,English Literature,b10ENG-YG
2008213,Health and Social Care,b10HSC-3
2008213,History,b10HIST-1b
2008213,Maths,b10MA-YMAN
2008213,Religious Studies,b10RS-YG
2008213,Technology Product Design,b10PD-Y1
2008214,Biology,b10TSC-F
2008214,Chemistry,b10TSC-F
2008214,Child Care,b10CC
2008214,English,b10ENG-XD
2008214,English Literature,b10ENG-XD
2008214,History,b10HIST-3
2008214,Maths,b10MA-XEUL
2008214,Physics,b10TSC-F
2008214,Religious Studies,b10RS-XD
2008214,Sports Studies,b10SPO-1
2008214,Technology Textiles,b10TEXT-Y1
2008215,Biology,b10TSC-F
2008215,Chemistry,b10TSC-F
2008215,Child Care,b10CC
2008215,English,b10ENG-XB
2008215,English Literature,b10ENG-XB
2008215,French,b10FRE-1
2008215,Geography,b10GEOG-3
2008215,Hospitality and Catering,b10HC-Y1
2008215,Maths,b10MA-XGAU
2008215,Physics,b10TSC-F
2008215,Religious Studies,b10RS-XB
2008216,Art,b10ART-1
2008216,Core Science,b10CSC-I
2008216,English,b10ENG-YG
2008216,English Literature,b10ENG-YG
2008216,Geography,b10GEOG-3
2008216,Maths,b10MA-YPYT
2008216,Religious Studies,b10RS-YG
2008216,Technology Product Design,b10PD-Y1
2008216,Travel and Tourism,b10TT
2008217,Core Science,b10CSC-I
2008217,Drama,b10DRA-3
2008217,English,b10ENG-XE
2008217,English Literature,b10ENG-XE
2008217,Geography,b10GEOG-1
2008217,Maths,b10MA-XMAN
2008217,Media Studies,b10MS-2
2008217,Religious Studies,b10RS-XE
2008217,Technology Product Design,b10PD-Y2
2008218,Art,b10ART-1
2008218,Biology,b10TSC-F
2008218,Chemistry,b10TSC-F
2008218,English,b10ENG-YG
2008218,English Literature,b10ENG-YG
2008218,FMA Performing Engineering Operations,b10FMA
2008218,Maths,b10MA-YEUL
2008218,Physics,b10TSC-F
2008218,Religious Studies,b10RS-YG
2008218,Sports Studies,b10SPO-2
2008219,Core Science,b10CSC-I
2008219,English,b10ENG-YI
2008219,English Literature,b10ENG-YI
2008219,Maths,b10MA-YPYT
2008219,Religious Studies,b10RS-YI
2008219,Sports Studies,b10SPO-1
2008219,Technology Product Design,b10PD-Y2
2008219,Vehicle Maintenance and Repair,b10VMR
2008220,Art,b10ART-1
2008220,Biology,b10TSC-A
2008220,Chemistry,b10TSC-A
2008220,English,b10ENG-XE
2008220,English Literature,b10ENG-XE
2008220,History,b10HIST-3
2008220,Hospitality and Catering,b10HC-X1
2008220,Information Communication Technology,b10ICT-2
2008220,Maths,b10MA-XGAU
2008220,Physics,b10TSC-A
2008220,Religious Studies,b10RS-XE
2008221,Art,b10ART-1
2008221,Biology,b10TSC-A
2008221,Chemistry,b10TSC-A
2008221,Child Care,b10CC
2008221,Drama,b10DRA-3
2008221,English,b10ENG-XC
2008221,English Literature,b10ENG-XC
2008221,Maths,b10MA-XMAN
2008221,Physics,b10TSC-A
2008221,Religious Studies,b10RS-XC
2008221,Technology Product Design,b10PD-X1
2008222,Basic Construction Skills,b10CONS
2008222,BTEC Science,b10BSC-E
2008222,Business Studies,b10BST
2008222,English,b10ENG-XE
2008222,English Literature,b10ENG-XE
2008222,Maths,b10MA-XEUL
2008222,Religious Studies,b10RS-XE
2008222,Sports Studies,b10SPO-3
2008222,Technology Product Design,b10PD-X1
2008223,Art,b10ART-2
2008223,Core Science,b10CSC-H
2008223,English,b10ENG-YG
2008223,English Literature,b10ENG-YG
2008223,Health and Social Care,b10HSC-1
2008223,History,b10HIST-3
2008223,Hospitality and Catering,b10HC-Y1
2008223,Maths,b10MA-YPYT
2008223,Religious Studies,b10RS-YG
2008224,Art,b10ART-2
2008224,BTEC Science,b10BSC-D
2008224,English,b10ENG-XD
2008224,English Literature,b10ENG-XD
2008224,Maths,b10MA-XFIB
2008224,Religious Studies,b10RS-XD
2008224,Salon Services,b10SS
2008224,Technology Textiles,b10TEXT-X1
2008225,Core Science,b10CSC-I
2008225,English,b10ENG-YG
2008225,English Literature,b10ENG-YG
2008225,History,b10HIST-1b
2008225,Information Communication Technology,b10ICT-2
2008225,Maths,b10MA-YPYT
2008225,Religious Studies,b10RS-YG
2008225,Sports Studies,b10SPO-3
2008225,Technology Product Design,b10PD-Y1
2008226,Biology,b10TSC-G
2008226,Chemistry,b10TSC-G
2008226,English,b10ENG-YJ
2008226,English Literature,b10ENG-YJ
2008226,Geography,b10GEOG-1
2008226,History,b10HIST-2
2008226,Maths,b10MA-YEUL
2008226,Physics,b10TSC-G
2008226,Religious Studies,b10RS-YJ
2008226,Sports Studies,b10SPO-3
2008226,Technology Product Design,b10PD-Y1
2008227,Biology,b10TSC-A
2008227,Business Studies,b10BST
2008227,Chemistry,b10TSC-A
2008227,English,b10ENG-YJ
2008227,English Literature,b10ENG-YJ
2008227,Health and Social Care,b10HSC-3
2008227,History,b10HIST-1a
2008227,Maths,b10MA-YGAU
2008227,Physics,b10TSC-A
2008227,Religious Studies,b10RS-YJ
2008227,Technology Food,b10FOOD-X1
2008228,Biology,b10TSC-G
2008228,Chemistry,b10TSC-G
2008228,English,b10ENG-XD
2008228,English Literature,b10ENG-XD
2008228,Hospitality and Catering,b10HC-Y1
2008228,Maths,b10MA-XEUL
2008228,Media Studies,b10MS-1
2008228,Physics,b10TSC-G
2008228,Religious Studies,b10RS-XD
2008228,Sports Studies,b10SPO-3
2008228,Travel and Tourism,b10TT
2008229,Art,b10ART-1
2008229,Core Science,b10CSC-C
2008229,English,b10ENG-YH
2008229,English Literature,b10ENG-YH
2008229,Health and Social Care,b10HSC-3
2008229,Hospitality and Catering,b10HC-X1
2008229,Information Communication Technology,b10ICT-2
2008229,Maths,b10MA-YPYT
2008229,Religious Studies,b10RS-YH
2008231,Art,b10ART-1
2008231,Child Care,b10CC
2008231,Core Science,b10CSC-C
2008231,English,b10ENG-YH
2008231,English Literature,b10ENG-YH
2008231,Maths,b10MA-YEUL
2008231,Religious Studies,b10RS-YH
2008231,Sports Studies,b10SPO-3
2008231,Technology Textiles,b10TEXT-X1
